symbol_id,symbol,base,quote,type,spot,active,taker,maker,info_status,info_isSpotTradingAllowed,precision_amount,precision_price
binance:1000CAT/BNB,1000CAT/BNB,1000CAT,BNB,spot,1,1,0.001,0.001,TRADING,1,0.1,0.00000001
binance:1000CAT/FDUSD,1000CAT/FDUSD,1000CAT,FDUSD,spot,1,1,0.001,0.001,TRADING,1,0.1,0.00001
binance:1000CAT/USDC,1000CAT/USDC,1000CAT,USDC,spot,1,1,0.001,0.001,TRADING,1,0.1,0.00001
binance:1000CAT/USDT,1000CAT/USDT,1000CAT,USDT,spot,1,1,0.001,0.001,TRADING,1,0.1,0.00001
binance:1000CHEEMS/USDC,1000CHEEMS/USDC,1000CHEEMS,USDC,spot,1,1,0.001,0.001,TRADING,1,1,0.000001
binance:1000CHEEMS/USDT,1000CHEEMS/USDT,1000CHEEMS,USDT,spot,1,1,0.001,0.001,TRADING,1,1,0.000001
binance:1000SATS/FDUSD,1000SATS/FDUSD,1000SATS,FDUSD,spot,1,1,0.001,0.001,TRADING,1,1,0.00000001
binance:1000SATS/USDC,1000SATS/USDC,1000SATS,USDC,spot,1,1,0.001,0.001,TRADING,1,1,0.00000001
binance:1000SATS/USDT,1000SATS/USDT,1000SATS,USDT,spot,1,1,0.001,0.001,TRADING,1,1,0.00000001
binance:1INCH/BTC,1INCH/BTC,1INCH,BTC,spot,1,1,0.001,0.001,TRADING,1,0.1,0.00000001
binance:1INCH/USDT,1INCH/USDT,1INCH,USDT,spot,1,1,0.001,0.001,TRADING,1,0.1,0.0001
binance:1MBABYDOGE/FDUSD,1MBABYDOGE/FDUSD,1MBABYDOGE,FDUSD,spot,1,1,0.001,0.001,TRADING,1,1,0.0000001
binance:1MBABYDOGE/USDC,1MBABYDOGE/USDC,1MBABYDOGE,USDC,spot,1,1,0.001,0.001,TRADING,1,1,0.0000001
binance:1MBABYDOGE/USDT,1MBABYDOGE/USDT,1MBABYDOGE,USDT,spot,1,1,0.001,0.001,TRADING,1,1,0.0000001
binance:A/BTC,A/BTC,A,BTC,spot,1,1,0.001,0.001,TRADING,1,0.1,0.00000001
binance:A/ETH,A/ETH,A,ETH,spot,1,1,0.001,0.001,TRADING,1,0.1,0.0000001
binance:A/FDUSD,A/FDUSD,A,FDUSD,spot,1,1,0.001,0.001,TRADING,1,0.1,0.0001
binance:A/USDC,A/USDC,A,USDC,spot,1,1,0.001,0.001,TRADING,1,0.1,0.0001
binance:A/USDT,A/USDT,A,USDT,spot,1,1,0.001,0.001,TRADING,1,0.1,0.0001
binance:A2Z/USDT,A2Z/USDT,A2Z,USDT,spot,1,1,0.001,0.001,TRADING,1,1,0.000001
binance:AAVE/BTC,AAVE/BTC,AAVE,BTC,spot,1,1,0.001,0.001,TRADING,1,0.001,0.000001
binance:AAVE/ETH,AAVE/ETH,AAVE,ETH,spot,1,1,0.001,0.001,TRADING,1,0.001,0.00001
binance:AAVE/FDUSD,AAVE/FDUSD,AAVE,FDUSD,spot,1,1,0.001,0.001,TRADING,1,0.001,0.01
binance:AAVE/USDC,AAVE/USDC,AAVE,USDC,spot,1,1,0.001,0.001,TRADING,1,0.001,0.01
binance:AAVE/USDT,AAVE/USDT,AAVE,USDT,spot,1,1,0.001,0.001,TRADING,1,0.001,0.01
binance:ACA/USDT,ACA/USDT,ACA,USDT,spot,1,1,0.001,0.001,TRADING,1,0.01,0.0001
binance:ACE/USDT,ACE/USDT,ACE,USDT,spot,1,1,0.001,0.001,TRADING,1,0.1,0.001
binance:ACH/BTC,ACH/BTC,ACH,BTC,spot,1,1,0.001,0.001,TRADING,1,1,0.00000001
binance:ACH/USDC,ACH/USDC,ACH,USDC,spot,1,1,0.001,0.001,TRADING,1,1,0.00001
binance:ACH/USDT,ACH/USDT,ACH,USDT,spot,1,1,0.001,0.001,TRADING,1,1,0.00001
binance:ACM/USDT,ACM/USDT,ACM,USDT,spot,1,1,0.001,0.001,TRADING,1,0.1,0.001
binance:ACT/FDUSD,ACT/FDUSD,ACT,FDUSD,spot,1,1,0.001,0.001,TRADING,1,0.1,0.0001
binance:ACT/USDC,ACT/USDC,ACT,USDC,spot,1,1,0.001,0.001,TRADING,1,0.1,0.0001
binance:ACT/USDT,ACT/USDT,ACT,USDT,spot,1,1,0.001,0.001,TRADING,1,0.1,0.0001
binance:ACX/USDC,ACX/USDC,ACX,USDC,spot,1,1,0.001,0.001,TRADING,1,0.1,0.0001
binance:ACX/USDT,ACX/USDT,ACX,USDT,spot,1,1,0.001,0.001,TRADING,1,0.1,0.0001
binance:ADA/BNB,ADA/BNB,ADA,BNB,spot,1,1,0.001,0.001,TRADING,1,0.1,0.000001
binance:ADA/BTC,ADA/BTC,ADA,BTC,spot,1,1,0.001,0.001,TRADING,1,0.1,0.00000001
binance:ADA/ETH,ADA/ETH,ADA,ETH,spot,1,1,0.001,0.001,TRADING,1,0.1,0.0000001
binance:ADA/FDUSD,ADA/FDUSD,ADA,FDUSD,spot,1,1,0.001,0.001,TRADING,1,0.1,0.0001
binance:ADA/USDC,ADA/USDC,ADA,USDC,spot,1,1,0.001,0.001,TRADING,1,0.1,0.0001
binance:ADA/USDT,ADA/USDT,ADA,USDT,spot,1,1,0.001,0.001,TRADING,1,0.1,0.0001
binance:ADX/BTC,ADX/BTC,ADX,BTC,spot,1,1,0.001,0.001,TRADING,1,1,0.00000001
binance:ADX/ETH,ADX/ETH,ADX,ETH,spot,1,1,0.001,0.001,TRADING,1,1,0.00000001
binance:ADX/USDT,ADX/USDT,ADX,USDT,spot,1,1,0.001,0.001,TRADING,1,1,0.0001
binance:AEUR/USDT,AEUR/USDT,AEUR,USDT,spot,1,1,0.001,0.001,TRADING,1,0.1,0.0001
binance:AEVO/BTC,AEVO/BTC,AEVO,BTC,spot,1,1,0.001,0.001,TRADING,1,0.01,0.00000001
binance:AEVO/FDUSD,AEVO/FDUSD,AEVO,FDUSD,spot,1,1,0.001,0.001,TRADING,1,0.01,0.0001
binance:AEVO/USDT,AEVO/USDT,AEVO,USDT,spot,1,1,0.001,0.001,TRADING,1,0.01,0.0001
binance:AGLD/BTC,AGLD/BTC,AGLD,BTC,spot,1,1,0.001,0.001,TRADING,1,0.1,0.00000001
binance:AGLD/USDT,AGLD/USDT,AGLD,USDT,spot,1,1,0.001,0.001,TRADING,1,0.1,0.001
binance:AI/BNB,AI/BNB,AI,BNB,spot,1,1,0.001,0.001,TRADING,1,0.1,0.0000001
binance:AI/BTC,AI/BTC,AI,BTC,spot,1,1,0.001,0.001,TRADING,1,0.1,0.00000001
binance:AI/FDUSD,AI/FDUSD,AI,FDUSD,spot,1,1,0.001,0.001,TRADING,1,0.1,0.0001
binance:AI/USDT,AI/USDT,AI,USDT,spot,1,1,0.001,0.001,TRADING,1,0.1,0.0001
binance:AIXBT/USDC,AIXBT/USDC,AIXBT,USDC,spot,1,1,0.001,0.001,TRADING,1,0.1,0.0001
binance:AIXBT/USDT,AIXBT/USDT,AIXBT,USDT,spot,1,1,0.001,0.001,TRADING,1,0.1,0.0001
binance:ALCX/USDT,ALCX/USDT,ALCX,USDT,spot,1,1,0.001,0.001,TRADING,1,0.0001,0.01
binance:ALGO/BTC,ALGO/BTC,ALGO,BTC,spot,1,1,0.001,0.001,TRADING,1,1,0.00000001
binance:ALGO/USDC,ALGO/USDC,ALGO,USDC,spot,1,1,0.001,0.001,TRADING,1,1,0.0001
binance:ALGO/USDT,ALGO/USDT,ALGO,USDT,spot,1,1,0.001,0.001,TRADING,1,1,0.0001
binance:ALICE/USDT,ALICE/USDT,ALICE,USDT,spot,1,1,0.001,0.001,TRADING,1,0.01,0.0001
binance:ALPINE/USDT,ALPINE/USDT,ALPINE,USDT,spot,1,1,0.001,0.001,TRADING,1,0.01,0.001
binance:ALT/BNB,ALT/BNB,ALT,BNB,spot,1,1,0.001,0.001,TRADING,1,1,0.0000001
binance:ALT/BTC,ALT/BTC,ALT,BTC,spot,1,1,0.001,0.001,TRADING,1,1,0.00000001
binance:ALT/FDUSD,ALT/FDUSD,ALT,FDUSD,spot,1,1,0.001,0.001,TRADING,1,1,0.00001
binance:ALT/USDC,ALT/USDC,ALT,USDC,spot,1,1,0.001,0.001,TRADING,1,1,0.00001
binance:ALT/USDT,ALT/USDT,ALT,USDT,spot,1,1,0.001,0.001,TRADING,1,1,0.00001
binance:AMP/USDT,AMP/USDT,AMP,USDT,spot,1,1,0.001,0.001,TRADING,1,1,0.000001
binance:ANIME/USDC,ANIME/USDC,ANIME,USDC,spot,1,1,0.001,0.001,TRADING,1,0.1,0.00001
binance:ANIME/USDT,ANIME/USDT,ANIME,USDT,spot,1,1,0.001,0.001,TRADING,1,0.1,0.00001
binance:ANKR/BTC,ANKR/BTC,ANKR,BTC,spot,1,1,0.001,0.001,TRADING,1,1,0.00000001
binance:ANKR/USDT,ANKR/USDT,ANKR,USDT,spot,1,1,0.001,0.001,TRADING,1,0.1,0.00001
binance:APE/BTC,APE/BTC,APE,BTC,spot,1,1,0.001,0.001,TRADING,1,0.01,0.00000001
binance:APE/FDUSD,APE/FDUSD,APE,FDUSD,spot,1,1,0.001,0.001,TRADING,1,0.01,0.0001
binance:APE/USDC,APE/USDC,APE,USDC,spot,1,1,0.001,0.001,TRADING,1,0.01,0.0001
binance:APE/USDT,APE/USDT,APE,USDT,spot,1,1,0.001,0.001,TRADING,1,0.01,0.0001
binance:API3/BTC,API3/BTC,API3,BTC,spot,1,1,0.001,0.001,TRADING,1,0.01,0.00000001
binance:API3/USDC,API3/USDC,API3,USDC,spot,1,1,0.001,0.001,TRADING,1,0.01,0.001
binance:API3/USDT,API3/USDT,API3,USDT,spot,1,1,0.001,0.001,TRADING,1,0.01,0.001
binance:APT/BTC,APT/BTC,APT,BTC,spot,1,1,0.001,0.001,TRADING,1,0.01,0.00000001
binance:APT/ETH,APT/ETH,APT,ETH,spot,1,1,0.001,0.001,TRADING,1,0.01,0.000001
binance:APT/FDUSD,APT/FDUSD,APT,FDUSD,spot,1,1,0.001,0.001,TRADING,1,0.01,0.001
binance:APT/USDC,APT/USDC,APT,USDC,spot,1,1,0.001,0.001,TRADING,1,0.01,0.001
binance:APT/USDT,APT/USDT,APT,USDT,spot,1,1,0.001,0.001,TRADING,1,0.01,0.001
binance:AR/BTC,AR/BTC,AR,BTC,spot,1,1,0.001,0.001,TRADING,1,0.01,0.0000001
binance:AR/FDUSD,AR/FDUSD,AR,FDUSD,spot,1,1,0.001,0.001,TRADING,1,0.01,0.01
binance:AR/USDC,AR/USDC,AR,USDC,spot,1,1,0.001,0.001,TRADING,1,0.01,0.01
binance:AR/USDT,AR/USDT,AR,USDT,spot,1,1,0.001,0.001,TRADING,1,0.01,0.01
binance:ARB/BTC,ARB/BTC,ARB,BTC,spot,1,1,0.001,0.001,TRADING,1,0.1,0.00000001
binance:ARB/ETH,ARB/ETH,ARB,ETH,spot,1,1,0.001,0.001,TRADING,1,0.1,0.0000001
binance:ARB/FDUSD,ARB/FDUSD,ARB,FDUSD,spot,1,1,0.001,0.001,TRADING,1,0.1,0.0001
binance:ARB/TUSD,ARB/TUSD,ARB,TUSD,spot,1,1,0.001,0.001,TRADING,1,0.1,0.0001
binance:ARB/USDC,ARB/USDC,ARB,USDC,spot,1,1,0.001,0.001,TRADING,1,0.1,0.0001
binance:ARB/USDT,ARB/USDT,ARB,USDT,spot,1,1,0.001,0.001,TRADING,1,0.1,0.0001
binance:ARDR/BTC,ARDR/BTC,ARDR,BTC,spot,1,1,0.001,0.001,TRADING,1,1,0.00000001
binance:ARDR/USDT,ARDR/USDT,ARDR,USDT,spot,1,1,0.001,0.001,TRADING,1,1,0.00001
binance:ARK/USDT,ARK/USDT,ARK,USDT,spot,1,1,0.001,0.001,TRADING,1,1,0.0001
binance:ARKM/BNB,ARKM/BNB,ARKM,BNB,spot,1,1,0.001,0.001,TRADING,1,0.1,0.000001
binance:ARKM/BTC,ARKM/BTC,ARKM,BTC,spot,1,1,0.001,0.001,TRADING,1,0.1,0.00000001
binance:ARKM/FDUSD,ARKM/FDUSD,ARKM,FDUSD,spot,1,1,0.001,0.001,TRADING,1,0.1,0.001
binance:ARKM/USDC,ARKM/USDC,ARKM,USDC,spot,1,1,0.001,0.001,TRADING,1,0.1,0.001
binance:ARKM/USDT,ARKM/USDT,ARKM,USDT,spot,1,1,0.001,0.001,TRADING,1,0.1,0.001
binance:ARPA/BTC,ARPA/BTC,ARPA,BTC,spot,1,1,0.001,0.001,TRADING,1,1,0.00000001
binance:ARPA/USDT,ARPA/USDT,ARPA,USDT,spot,1,1,0.001,0.001,TRADING,1,0.1,0.00001
binance:ASR/USDT,ASR/USDT,ASR,USDT,spot,1,1,0.001,0.001,TRADING,1,0.1,0.001
binance:ASTR/BTC,ASTR/BTC,ASTR,BTC,spot,1,1,0.001,0.001,TRADING,1,0.1,0.00000001
binance:ASTR/USDT,ASTR/USDT,ASTR,USDT,spot,1,1,0.001,0.001,TRADING,1,0.1,0.00001
binance:ATA/BTC,ATA/BTC,ATA,BTC,spot,1,1,0.001,0.001,TRADING,1,1,0.00000001
binance:ATA/USDT,ATA/USDT,ATA,USDT,spot,1,1,0.001,0.001,TRADING,1,1,0.0001
binance:ATM/USDT,ATM/USDT,ATM,USDT,spot,1,1,0.001,0.001,TRADING,1,0.01,0.001
binance:ATOM/BTC,ATOM/BTC,ATOM,BTC,spot,1,1,0.001,0.001,TRADING,1,0.01,0.0000001
binance:ATOM/ETH,ATOM/ETH,ATOM,ETH,spot,1,1,0.001,0.001,TRADING,1,0.001,0.000001
binance:ATOM/FDUSD,ATOM/FDUSD,ATOM,FDUSD,spot,1,1,0.001,0.001,TRADING,1,0.01,0.001
binance:ATOM/USDC,ATOM/USDC,ATOM,USDC,spot,1,1,0.001,0.001,TRADING,1,0.01,0.001
binance:ATOM/USDT,ATOM/USDT,ATOM,USDT,spot,1,1,0.001,0.001,TRADING,1,0.01,0.001
binance:AUCTION/BTC,AUCTION/BTC,AUCTION,BTC,spot,1,1,0.001,0.001,TRADING,1,0.01,0.0000001
binance:AUCTION/FDUSD,AUCTION/FDUSD,AUCTION,FDUSD,spot,1,1,0.001,0.001,TRADING,1,0.01,0.01
binance:AUCTION/USDC,AUCTION/USDC,AUCTION,USDC,spot,1,1,0.001,0.001,TRADING,1,0.01,0.01
binance:AUCTION/USDT,AUCTION/USDT,AUCTION,USDT,spot,1,1,0.001,0.001,TRADING,1,0.01,0.01
binance:AUDIO/BTC,AUDIO/BTC,AUDIO,BTC,spot,1,1,0.001,0.001,TRADING,1,0.1,0.00000001
binance:AUDIO/USDT,AUDIO/USDT,AUDIO,USDT,spot,1,1,0.001,0.001,TRADING,1,0.1,0.0001
binance:AVA/BTC,AVA/BTC,AVA,BTC,spot,1,1,0.001,0.001,TRADING,1,0.1,0.00000001
binance:AVA/USDT,AVA/USDT,AVA,USDT,spot,1,1,0.001,0.001,TRADING,1,0.1,0.0001
binance:AVAX/BNB,AVAX/BNB,AVAX,BNB,spot,1,1,0.001,0.001,TRADING,1,0.01,0.00001
binance:AVAX/BTC,AVAX/BTC,AVAX,BTC,spot,1,1,0.001,0.001,TRADING,1,0.01,0.0000001
binance:AVAX/ETH,AVAX/ETH,AVAX,ETH,spot,1,1,0.001,0.001,TRADING,1,0.01,0.00001
binance:AVAX/FDUSD,AVAX/FDUSD,AVAX,FDUSD,spot,1,1,0.001,0.001,TRADING,1,0.01,0.01
binance:AVAX/USDC,AVAX/USDC,AVAX,USDC,spot,1,1,0.001,0.001,TRADING,1,0.01,0.01
binance:AVAX/USDT,AVAX/USDT,AVAX,USDT,spot,1,1,0.001,0.001,TRADING,1,0.01,0.01
binance:AWE/BTC,AWE/BTC,AWE,BTC,spot,1,1,0.001,0.001,TRADING,1,1,0.00000001
binance:AWE/USDT,AWE/USDT,AWE,USDT,spot,1,1,0.001,0.001,TRADING,1,1,0.00001
binance:AXL/BTC,AXL/BTC,AXL,BTC,spot,1,1,0.001,0.001,TRADING,1,0.01,0.00000001
binance:AXL/USDT,AXL/USDT,AXL,USDT,spot,1,1,0.001,0.001,TRADING,1,0.01,0.0001
binance:AXS/BNB,AXS/BNB,AXS,BNB,spot,1,1,0.001,0.001,TRADING,1,0.01,0.00001
binance:AXS/BTC,AXS/BTC,AXS,BTC,spot,1,1,0.001,0.001,TRADING,1,0.01,0.0000001
binance:AXS/ETH,AXS/ETH,AXS,ETH,spot,1,1,0.001,0.001,TRADING,1,0.001,0.000001
binance:AXS/USDC,AXS/USDC,AXS,USDC,spot,1,1,0.001,0.001,TRADING,1,0.01,0.001
binance:AXS/USDT,AXS/USDT,AXS,USDT,spot,1,1,0.001,0.001,TRADING,1,0.01,0.001
binance:BABY/BNB,BABY/BNB,BABY,BNB,spot,1,1,0.001,0.001,TRADING,1,1,0.00000001
binance:BABY/FDUSD,BABY/FDUSD,BABY,FDUSD,spot,1,1,0.001,0.001,TRADING,1,1,0.00001
binance:BABY/USDC,BABY/USDC,BABY,USDC,spot,1,1,0.001,0.001,TRADING,1,1,0.00001
binance:BABY/USDT,BABY/USDT,BABY,USDT,spot,1,1,0.001,0.001,TRADING,1,1,0.00001
binance:BAKE/BTC,BAKE/BTC,BAKE,BTC,spot,1,1,0.001,0.001,TRADING,1,0.1,0.00000001
binance:BAKE/USDT,BAKE/USDT,BAKE,USDT,spot,1,1,0.001,0.001,TRADING,1,0.1,0.0001
binance:BANANA/BNB,BANANA/BNB,BANANA,BNB,spot,1,1,0.001,0.001,TRADING,1,0.001,0.00001
binance:BANANA/BTC,BANANA/BTC,BANANA,BTC,spot,1,1,0.001,0.001,TRADING,1,0.001,0.0000001
binance:BANANA/FDUSD,BANANA/FDUSD,BANANA,FDUSD,spot,1,1,0.001,0.001,TRADING,1,0.001,0.01
binance:BANANA/USDC,BANANA/USDC,BANANA,USDC,spot,1,1,0.001,0.001,TRADING,1,0.001,0.01
binance:BANANA/USDT,BANANA/USDT,BANANA,USDT,spot,1,1,0.001,0.001,TRADING,1,0.001,0.01
binance:BANANAS31/USDC,BANANAS31/USDC,BANANAS31,USDC,spot,1,1,0.001,0.001,TRADING,1,1,0.000001
binance:BANANAS31/USDT,BANANAS31/USDT,BANANAS31,USDT,spot,1,1,0.001,0.001,TRADING,1,1,0.000001
binance:BAND/BTC,BAND/BTC,BAND,BTC,spot,1,1,0.001,0.001,TRADING,1,0.1,0.00000001
binance:BAND/USDT,BAND/USDT,BAND,USDT,spot,1,1,0.001,0.001,TRADING,1,0.1,0.001
binance:BAR/USDT,BAR/USDT,BAR,USDT,spot,1,1,0.001,0.001,TRADING,1,0.01,0.001
binance:BAT/BTC,BAT/BTC,BAT,BTC,spot,1,1,0.001,0.001,TRADING,1,1,0.00000001
binance:BAT/USDT,BAT/USDT,BAT,USDT,spot,1,1,0.001,0.001,TRADING,1,1,0.0001
binance:BB/BNB,BB/BNB,BB,BNB,spot,1,1,0.001,0.001,TRADING,1,0.1,0.0000001
binance:BB/BTC,BB/BTC,BB,BTC,spot,1,1,0.001,0.001,TRADING,1,0.1,0.00000001
binance:BB/FDUSD,BB/FDUSD,BB,FDUSD,spot,1,1,0.001,0.001,TRADING,1,0.1,0.0001
binance:BB/USDC,BB/USDC,BB,USDC,spot,1,1,0.001,0.001,TRADING,1,0.1,0.0001
binance:BB/USDT,BB/USDT,BB,USDT,spot,1,1,0.001,0.001,TRADING,1,0.1,0.0001
binance:BCH/BNB,BCH/BNB,BCH,BNB,spot,1,1,0.001,0.001,TRADING,1,0.001,0.0001
binance:BCH/BTC,BCH/BTC,BCH,BTC,spot,1,1,0.001,0.001,TRADING,1,0.001,0.000001
binance:BCH/FDUSD,BCH/FDUSD,BCH,FDUSD,spot,1,1,0.001,0.001,TRADING,1,0.001,0.1
binance:BCH/USDC,BCH/USDC,BCH,USDC,spot,1,1,0.001,0.001,TRADING,1,0.001,0.1
binance:BCH/USDT,BCH/USDT,BCH,USDT,spot,1,1,0.001,0.001,TRADING,1,0.001,0.1
binance:BEAMX/USDC,BEAMX/USDC,BEAMX,USDC,spot,1,1,0.001,0.001,TRADING,1,1,0.00001
binance:BEAMX/USDT,BEAMX/USDT,BEAMX,USDT,spot,1,1,0.001,0.001,TRADING,1,1,0.00001
binance:BEL/BTC,BEL/BTC,BEL,BTC,spot,1,1,0.001,0.001,TRADING,1,0.1,0.00000001
binance:BEL/USDT,BEL/USDT,BEL,USDT,spot,1,1,0.001,0.001,TRADING,1,0.1,0.0001
binance:BERA/BNB,BERA/BNB,BERA,BNB,spot,1,1,0.001,0.001,TRADING,1,0.001,0.000001
binance:BERA/BTC,BERA/BTC,BERA,BTC,spot,1,1,0.001,0.001,TRADING,1,0.001,0.00000001
binance:BERA/FDUSD,BERA/FDUSD,BERA,FDUSD,spot,1,1,0.001,0.001,TRADING,1,0.001,0.001
binance:BERA/USDC,BERA/USDC,BERA,USDC,spot,1,1,0.001,0.001,TRADING,1,0.001,0.001
binance:BERA/USDT,BERA/USDT,BERA,USDT,spot,1,1,0.001,0.001,TRADING,1,0.001,0.001
binance:BFUSD/USDT,BFUSD/USDT,BFUSD,USDT,spot,1,1,0.001,0.001,TRADING,1,1,0.0001
binance:BICO/BTC,BICO/BTC,BICO,BTC,spot,1,1,0.001,0.001,TRADING,1,0.01,0.00000001
binance:BICO/USDT,BICO/USDT,BICO,USDT,spot,1,1,0.001,0.001,TRADING,1,0.01,0.0001
binance:BIFI/USDT,BIFI/USDT,BIFI,USDT,spot,1,1,0.001,0.001,TRADING,1,0.001,0.1
binance:BIGTIME/USDC,BIGTIME/USDC,BIGTIME,USDC,spot,1,1,0.001,0.001,TRADING,1,1,0.00001
binance:BIGTIME/USDT,BIGTIME/USDT,BIGTIME,USDT,spot,1,1,0.001,0.001,TRADING,1,1,0.00001
binance:BIO/BNB,BIO/BNB,BIO,BNB,spot,1,1,0.001,0.001,TRADING,1,0.1,0.00000001
binance:BIO/FDUSD,BIO/FDUSD,BIO,FDUSD,spot,1,1,0.001,0.001,TRADING,1,0.1,0.0001
binance:BIO/USDC,BIO/USDC,BIO,USDC,spot,1,1,0.001,0.001,TRADING,1,0.1,0.0001
binance:BIO/USDT,BIO/USDT,BIO,USDT,spot,1,1,0.001,0.001,TRADING,1,0.1,0.0001
binance:BLUR/USDC,BLUR/USDC,BLUR,USDC,spot,1,1,0.001,0.001,TRADING,1,0.1,0.0001
binance:BLUR/USDT,BLUR/USDT,BLUR,USDT,spot,1,1,0.001,0.001,TRADING,1,0.1,0.0001
binance:BMT/BNB,BMT/BNB,BMT,BNB,spot,1,1,0.001,0.001,TRADING,1,0.1,0.0000001
binance:BMT/FDUSD,BMT/FDUSD,BMT,FDUSD,spot,1,1,0.001,0.001,TRADING,1,0.1,0.0001
binance:BMT/USDC,BMT/USDC,BMT,USDC,spot,1,1,0.001,0.001,TRADING,1,0.1,0.0001
binance:BMT/USDT,BMT/USDT,BMT,USDT,spot,1,1,0.001,0.001,TRADING,1,0.1,0.0001
binance:BNB/BTC,BNB/BTC,BNB,BTC,spot,1,1,0.001,0.001,TRADING,1,0.001,0.000001
binance:BNB/ETH,BNB/ETH,BNB,ETH,spot,1,1,0.001,0.001,TRADING,1,0.001,0.0001
binance:BNB/FDUSD,BNB/FDUSD,BNB,FDUSD,spot,1,1,0.001,0.001,TRADING,1,0.001,0.01
binance:BNB/TUSD,BNB/TUSD,BNB,TUSD,spot,1,1,0.001,0.001,TRADING,1,0.001,0.01
binance:BNB/USDC,BNB/USDC,BNB,USDC,spot,1,1,0.001,0.001,TRADING,1,0.001,0.01
binance:BNB/USDT,BNB/USDT,BNB,USDT,spot,1,1,0.001,0.001,TRADING,1,0.001,0.01
binance:BNSOL/SOL,BNSOL/SOL,BNSOL,SOL,spot,1,1,0.001,0.001,TRADING,1,0.001,0.0001
binance:BNSOL/USDT,BNSOL/USDT,BNSOL,USDT,spot,1,1,0.001,0.001,TRADING,1,0.001,0.1
binance:BNT/USDT,BNT/USDT,BNT,USDT,spot,1,1,0.001,0.001,TRADING,1,0.1,0.0001
binance:BOME/FDUSD,BOME/FDUSD,BOME,FDUSD,spot,1,1,0.001,0.001,TRADING,1,1,0.000001
binance:BOME/USDC,BOME/USDC,BOME,USDC,spot,1,1,0.001,0.001,TRADING,1,1,0.000001
binance:BOME/USDT,BOME/USDT,BOME,USDT,spot,1,1,0.001,0.001,TRADING,1,1,0.000001
binance:BONK/FDUSD,BONK/FDUSD,BONK,FDUSD,spot,1,1,0.001,0.001,TRADING,1,1,0.00000001
binance:BONK/USDC,BONK/USDC,BONK,USDC,spot,1,1,0.001,0.001,TRADING,1,1,0.00000001
binance:BONK/USDT,BONK/USDT,BONK,USDT,spot,1,1,0.001,0.001,TRADING,1,1,0.00000001
binance:BROCCOLI714/USDC,BROCCOLI714/USDC,BROCCOLI714,USDC,spot,1,1,0.001,0.001,TRADING,1,1,0.00001
binance:BROCCOLI714/USDT,BROCCOLI714/USDT,BROCCOLI714,USDT,spot,1,1,0.001,0.001,TRADING,1,1,0.00001
binance:BTC/DAI,BTC/DAI,BTC,DAI,spot,1,1,0.001,0.001,TRADING,1,0.00001,0.01
binance:BTC/EURI,BTC/EURI,BTC,EURI,spot,1,1,0.001,0.001,TRADING,1,0.00001,0.01
binance:BTC/FDUSD,BTC/FDUSD,BTC,FDUSD,spot,1,1,0.001,0.001,TRADING,1,0.00001,0.01
binance:BTC/TUSD,BTC/TUSD,BTC,TUSD,spot,1,1,0.001,0.001,TRADING,1,0.00001,0.01
binance:BTC/USDC,BTC/USDC,BTC,USDC,spot,1,1,0.001,0.001,TRADING,1,0.00001,0.01
binance:BTC/USDT,BTC/USDT,BTC,USDT,spot,1,1,0.001,0.001,TRADING,1,0.00001,0.01
binance:BTTC/USDT,BTTC/USDT,BTTC,USDT,spot,1,1,0.001,0.001,TRADING,1,1,0.00000001
binance:C/BNB,C/BNB,C,BNB,spot,1,1,0.001,0.001,TRADING,1,0.1,0.00000001
binance:C/FDUSD,C/FDUSD,C,FDUSD,spot,1,1,0.001,0.001,TRADING,1,0.1,0.0001
binance:C/USDC,C/USDC,C,USDC,spot,1,1,0.001,0.001,TRADING,1,0.1,0.0001
binance:C/USDT,C/USDT,C,USDT,spot,1,1,0.001,0.001,TRADING,1,0.1,0.0001
binance:C98/USDT,C98/USDT,C98,USDT,spot,1,1,0.001,0.001,TRADING,1,0.1,0.0001
binance:CAKE/BNB,CAKE/BNB,CAKE,BNB,spot,1,1,0.001,0.001,TRADING,1,0.01,0.000001
binance:CAKE/BTC,CAKE/BTC,CAKE,BTC,spot,1,1,0.001,0.001,TRADING,1,0.01,0.00000001
binance:CAKE/USDC,CAKE/USDC,CAKE,USDC,spot,1,1,0.001,0.001,TRADING,1,0.01,0.001
binance:CAKE/USDT,CAKE/USDT,CAKE,USDT,spot,1,1,0.001,0.001,TRADING,1,0.01,0.001
binance:CATI/USDC,CATI/USDC,CATI,USDC,spot,1,1,0.001,0.001,TRADING,1,0.1,0.0001
binance:CATI/USDT,CATI/USDT,CATI,USDT,spot,1,1,0.001,0.001,TRADING,1,0.1,0.0001
binance:CELO/BTC,CELO/BTC,CELO,BTC,spot,1,1,0.001,0.001,TRADING,1,0.1,0.00000001
binance:CELO/USDT,CELO/USDT,CELO,USDT,spot,1,1,0.001,0.001,TRADING,1,0.1,0.0001
binance:CELR/USDT,CELR/USDT,CELR,USDT,spot,1,1,0.001,0.001,TRADING,1,0.1,0.00001
binance:CETUS/USDC,CETUS/USDC,CETUS,USDC,spot,1,1,0.001,0.001,TRADING,1,0.1,0.0001
binance:CETUS/USDT,CETUS/USDT,CETUS,USDT,spot,1,1,0.001,0.001,TRADING,1,0.1,0.0001
binance:CFX/BTC,CFX/BTC,CFX,BTC,spot,1,1,0.001,0.001,TRADING,1,1,0.00000001
binance:CFX/USDC,CFX/USDC,CFX,USDC,spot,1,1,0.001,0.001,TRADING,1,1,0.0001
binance:CFX/USDT,CFX/USDT,CFX,USDT,spot,1,1,0.001,0.001,TRADING,1,1,0.0001
binance:CGPT/USDC,CGPT/USDC,CGPT,USDC,spot,1,1,0.001,0.001,TRADING,1,0.1,0.0001
binance:CGPT/USDT,CGPT/USDT,CGPT,USDT,spot,1,1,0.001,0.001,TRADING,1,0.1,0.0001
binance:CHESS/USDC,CHESS/USDC,CHESS,USDC,spot,1,1,0.001,0.001,TRADING,1,0.1,0.0001
binance:CHESS/USDT,CHESS/USDT,CHESS,USDT,spot,1,1,0.001,0.001,TRADING,1,0.1,0.0001
binance:CHR/BTC,CHR/BTC,CHR,BTC,spot,1,1,0.001,0.001,TRADING,1,1,0.00000001
binance:CHR/USDT,CHR/USDT,CHR,USDT,spot,1,1,0.001,0.001,TRADING,1,1,0.0001
binance:CHZ/BNB,CHZ/BNB,CHZ,BNB,spot,1,1,0.001,0.001,TRADING,1,1,0.0000001
binance:CHZ/BTC,CHZ/BTC,CHZ,BTC,spot,1,1,0.001,0.001,TRADING,1,1,0.00000001
binance:CHZ/USDC,CHZ/USDC,CHZ,USDC,spot,1,1,0.001,0.001,TRADING,1,1,0.00001
binance:CHZ/USDT,CHZ/USDT,CHZ,USDT,spot,1,1,0.001,0.001,TRADING,1,1,0.00001
binance:CITY/USDT,CITY/USDT,CITY,USDT,spot,1,1,0.001,0.001,TRADING,1,0.01,0.001
binance:CKB/USDC,CKB/USDC,CKB,USDC,spot,1,1,0.001,0.001,TRADING,1,1,0.000001
binance:CKB/USDT,CKB/USDT,CKB,USDT,spot,1,1,0.001,0.001,TRADING,1,1,0.000001
binance:COMP/BTC,COMP/BTC,COMP,BTC,spot,1,1,0.001,0.001,TRADING,1,0.001,0.000001
binance:COMP/USDC,COMP/USDC,COMP,USDC,spot,1,1,0.001,0.001,TRADING,1,0.001,0.01
binance:COMP/USDT,COMP/USDT,COMP,USDT,spot,1,1,0.001,0.001,TRADING,1,0.001,0.01
binance:COOKIE/USDC,COOKIE/USDC,COOKIE,USDC,spot,1,1,0.001,0.001,TRADING,1,0.1,0.0001
binance:COOKIE/USDT,COOKIE/USDT,COOKIE,USDT,spot,1,1,0.001,0.001,TRADING,1,0.1,0.0001
binance:COS/USDT,COS/USDT,COS,USDT,spot,1,1,0.001,0.001,TRADING,1,0.1,0.000001
binance:COTI/BTC,COTI/BTC,COTI,BTC,spot,1,1,0.001,0.001,TRADING,1,1,0.00000001
binance:COTI/USDT,COTI/USDT,COTI,USDT,spot,1,1,0.001,0.001,TRADING,1,1,0.00001
binance:COW/USDC,COW/USDC,COW,USDC,spot,1,1,0.001,0.001,TRADING,1,0.1,0.0001
binance:COW/USDT,COW/USDT,COW,USDT,spot,1,1,0.001,0.001,TRADING,1,0.1,0.0001
binance:CRV/BTC,CRV/BTC,CRV,BTC,spot,1,1,0.001,0.001,TRADING,1,0.1,0.00000001
binance:CRV/USDC,CRV/USDC,CRV,USDC,spot,1,1,0.001,0.001,TRADING,1,0.1,0.0001
binance:CRV/USDT,CRV/USDT,CRV,USDT,spot,1,1,0.001,0.001,TRADING,1,0.1,0.0001
binance:CTK/BNB,CTK/BNB,CTK,BNB,spot,1,1,0.001,0.001,TRADING,1,0.1,0.000001
binance:CTK/BTC,CTK/BTC,CTK,BTC,spot,1,1,0.001,0.001,TRADING,1,0.1,0.00000001
binance:CTK/USDT,CTK/USDT,CTK,USDT,spot,1,1,0.001,0.001,TRADING,1,0.1,0.0001
binance:CTSI/BTC,CTSI/BTC,CTSI,BTC,spot,1,1,0.001,0.001,TRADING,1,1,0.00000001
binance:CTSI/USDT,CTSI/USDT,CTSI,USDT,spot,1,1,0.001,0.001,TRADING,1,1,0.0001
binance:CVC/USDC,CVC/USDC,CVC,USDC,spot,1,1,0.001,0.001,TRADING,1,1,0.0001
binance:CVC/USDT,CVC/USDT,CVC,USDT,spot,1,1,0.001,0.001,TRADING,1,1,0.0001
binance:CVX/USDC,CVX/USDC,CVX,USDC,spot,1,1,0.001,0.001,TRADING,1,0.001,0.001
binance:CVX/USDT,CVX/USDT,CVX,USDT,spot,1,1,0.001,0.001,TRADING,1,0.001,0.001
binance:CYBER/BNB,CYBER/BNB,CYBER,BNB,spot,1,1,0.001,0.001,TRADING,1,0.01,0.000001
binance:CYBER/BTC,CYBER/BTC,CYBER,BTC,spot,1,1,0.001,0.001,TRADING,1,0.01,0.00000001
binance:CYBER/ETH,CYBER/ETH,CYBER,ETH,spot,1,1,0.001,0.001,TRADING,1,0.01,0.000001
binance:CYBER/FDUSD,CYBER/FDUSD,CYBER,FDUSD,spot,1,1,0.001,0.001,TRADING,1,0.01,0.001
binance:CYBER/USDT,CYBER/USDT,CYBER,USDT,spot,1,1,0.001,0.001,TRADING,1,0.01,0.001
binance:D/USDT,D/USDT,D,USDT,spot,1,1,0.001,0.001,TRADING,1,1,0.00001
binance:DASH/BTC,DASH/BTC,DASH,BTC,spot,1,1,0.001,0.001,TRADING,1,0.001,0.0000001
binance:DASH/ETH,DASH/ETH,DASH,ETH,spot,1,1,0.001,0.001,TRADING,1,0.001,0.00001
binance:DASH/USDT,DASH/USDT,DASH,USDT,spot,1,1,0.001,0.001,TRADING,1,0.001,0.01
binance:DATA/BTC,DATA/BTC,DATA,BTC,spot,1,1,0.001,0.001,TRADING,1,1,0.00000001
binance:DATA/USDT,DATA/USDT,DATA,USDT,spot,1,1,0.001,0.001,TRADING,1,0.1,0.00001
binance:DCR/USDT,DCR/USDT,DCR,USDT,spot,1,1,0.001,0.001,TRADING,1,0.001,0.01
binance:DEGO/USDT,DEGO/USDT,DEGO,USDT,spot,1,1,0.001,0.001,TRADING,1,0.01,0.001
binance:DENT/ETH,DENT/ETH,DENT,ETH,spot,1,1,0.001,0.001,TRADING,1,1,0.00000001
binance:DENT/USDT,DENT/USDT,DENT,USDT,spot,1,1,0.001,0.001,TRADING,1,1,0.000001
binance:DEXE/USDT,DEXE/USDT,DEXE,USDT,spot,1,1,0.001,0.001,TRADING,1,0.01,0.001
binance:DF/USDC,DF/USDC,DF,USDC,spot,1,1,0.001,0.001,TRADING,1,1,0.00001
binance:DF/USDT,DF/USDT,DF,USDT,spot,1,1,0.001,0.001,TRADING,1,1,0.00001
binance:DGB/USDT,DGB/USDT,DGB,USDT,spot,1,1,0.001,0.001,TRADING,1,0.1,0.00001
binance:DIA/BTC,DIA/BTC,DIA,BTC,spot,1,1,0.001,0.001,TRADING,1,0.1,0.00000001
binance:DIA/USDT,DIA/USDT,DIA,USDT,spot,1,1,0.001,0.001,TRADING,1,0.1,0.0001
binance:DODO/BTC,DODO/BTC,DODO,BTC,spot,1,1,0.001,0.001,TRADING,1,0.1,0.00000001
binance:DODO/USDT,DODO/USDT,DODO,USDT,spot,1,1,0.001,0.001,TRADING,1,0.1,0.0001
binance:DOGE/BTC,DOGE/BTC,DOGE,BTC,spot,1,1,0.001,0.001,TRADING,1,1,0.00000001
binance:DOGE/FDUSD,DOGE/FDUSD,DOGE,FDUSD,spot,1,1,0.001,0.001,TRADING,1,1,0.00001
binance:DOGE/TUSD,DOGE/TUSD,DOGE,TUSD,spot,1,1,0.001,0.001,TRADING,1,1,0.00001
binance:DOGE/USDC,DOGE/USDC,DOGE,USDC,spot,1,1,0.001,0.001,TRADING,1,1,0.00001
binance:DOGE/USDT,DOGE/USDT,DOGE,USDT,spot,1,1,0.001,0.001,TRADING,1,1,0.00001
binance:DOGS/FDUSD,DOGS/FDUSD,DOGS,FDUSD,spot,1,1,0.001,0.001,TRADING,1,1,0.0000001
binance:DOGS/USDC,DOGS/USDC,DOGS,USDC,spot,1,1,0.001,0.001,TRADING,1,1,0.0000001
binance:DOGS/USDT,DOGS/USDT,DOGS,USDT,spot,1,1,0.001,0.001,TRADING,1,1,0.0000001
binance:DOT/BNB,DOT/BNB,DOT,BNB,spot,1,1,0.001,0.001,TRADING,1,0.01,0.00001
binance:DOT/BTC,DOT/BTC,DOT,BTC,spot,1,1,0.001,0.001,TRADING,1,0.01,0.0000001
binance:DOT/ETH,DOT/ETH,DOT,ETH,spot,1,1,0.001,0.001,TRADING,1,0.01,0.000001
binance:DOT/FDUSD,DOT/FDUSD,DOT,FDUSD,spot,1,1,0.001,0.001,TRADING,1,0.01,0.001
binance:DOT/USDC,DOT/USDC,DOT,USDC,spot,1,1,0.001,0.001,TRADING,1,0.01,0.001
binance:DOT/USDT,DOT/USDT,DOT,USDT,spot,1,1,0.001,0.001,TRADING,1,0.01,0.001
binance:DUSK/BTC,DUSK/BTC,DUSK,BTC,spot,1,1,0.001,0.001,TRADING,1,1,0.00000001
binance:DUSK/USDT,DUSK/USDT,DUSK,USDT,spot,1,1,0.001,0.001,TRADING,1,1,0.0001
binance:DYDX/BTC,DYDX/BTC,DYDX,BTC,spot,1,1,0.001,0.001,TRADING,1,0.01,0.00000001
binance:DYDX/FDUSD,DYDX/FDUSD,DYDX,FDUSD,spot,1,1,0.001,0.001,TRADING,1,0.01,0.0001
binance:DYDX/USDC,DYDX/USDC,DYDX,USDC,spot,1,1,0.001,0.001,TRADING,1,0.01,0.0001
binance:DYDX/USDT,DYDX/USDT,DYDX,USDT,spot,1,1,0.001,0.001,TRADING,1,0.01,0.0001
binance:DYM/USDT,DYM/USDT,DYM,USDT,spot,1,1,0.001,0.001,TRADING,1,0.1,0.001
binance:EDU/USDT,EDU/USDT,EDU,USDT,spot,1,1,0.001,0.001,TRADING,1,1,0.0001
binance:EGLD/BNB,EGLD/BNB,EGLD,BNB,spot,1,1,0.001,0.001,TRADING,1,0.01,0.00001
binance:EGLD/BTC,EGLD/BTC,EGLD,BTC,spot,1,1,0.001,0.001,TRADING,1,0.01,0.0000001
binance:EGLD/ETH,EGLD/ETH,EGLD,ETH,spot,1,1,0.001,0.001,TRADING,1,0.0001,0.00001
binance:EGLD/FDUSD,EGLD/FDUSD,EGLD,FDUSD,spot,1,1,0.001,0.001,TRADING,1,0.01,0.01
binance:EGLD/USDC,EGLD/USDC,EGLD,USDC,spot,1,1,0.001,0.001,TRADING,1,0.01,0.01
binance:EGLD/USDT,EGLD/USDT,EGLD,USDT,spot,1,1,0.001,0.001,TRADING,1,0.01,0.01
binance:EIGEN/BTC,EIGEN/BTC,EIGEN,BTC,spot,1,1,0.001,0.001,TRADING,1,0.01,0.00000001
binance:EIGEN/FDUSD,EIGEN/FDUSD,EIGEN,FDUSD,spot,1,1,0.001,0.001,TRADING,1,0.01,0.001
binance:EIGEN/USDC,EIGEN/USDC,EIGEN,USDC,spot,1,1,0.001,0.001,TRADING,1,0.01,0.001
binance:EIGEN/USDT,EIGEN/USDT,EIGEN,USDT,spot,1,1,0.001,0.001,TRADING,1,0.01,0.001
binance:ENA/BNB,ENA/BNB,ENA,BNB,spot,1,1,0.001,0.001,TRADING,1,0.01,0.0000001
binance:ENA/BTC,ENA/BTC,ENA,BTC,spot,1,1,0.001,0.001,TRADING,1,0.01,0.00000001
binance:ENA/FDUSD,ENA/FDUSD,ENA,FDUSD,spot,1,1,0.001,0.001,TRADING,1,0.01,0.0001
binance:ENA/USDC,ENA/USDC,ENA,USDC,spot,1,1,0.001,0.001,TRADING,1,0.01,0.0001
binance:ENA/USDT,ENA/USDT,ENA,USDT,spot,1,1,0.001,0.001,TRADING,1,0.01,0.0001
binance:ENJ/BTC,ENJ/BTC,ENJ,BTC,spot,1,1,0.001,0.001,TRADING,1,0.1,0.00000001
binance:ENJ/USDC,ENJ/USDC,ENJ,USDC,spot,1,1,0.001,0.001,TRADING,1,0.1,0.0001
binance:ENJ/USDT,ENJ/USDT,ENJ,USDT,spot,1,1,0.001,0.001,TRADING,1,0.1,0.0001
binance:ENS/BTC,ENS/BTC,ENS,BTC,spot,1,1,0.001,0.001,TRADING,1,0.01,0.0000001
binance:ENS/FDUSD,ENS/FDUSD,ENS,FDUSD,spot,1,1,0.001,0.001,TRADING,1,0.01,0.01
binance:ENS/USDC,ENS/USDC,ENS,USDC,spot,1,1,0.001,0.001,TRADING,1,0.01,0.01
binance:ENS/USDT,ENS/USDT,ENS,USDT,spot,1,1,0.001,0.001,TRADING,1,0.01,0.01
binance:EPIC/USDC,EPIC/USDC,EPIC,USDC,spot,1,1,0.001,0.001,TRADING,1,0.1,0.001
binance:EPIC/USDT,EPIC/USDT,EPIC,USDT,spot,1,1,0.001,0.001,TRADING,1,0.1,0.001
binance:ERA/BNB,ERA/BNB,ERA,BNB,spot,1,1,0.001,0.001,TRADING,1,0.1,0.00000001
binance:ERA/FDUSD,ERA/FDUSD,ERA,FDUSD,spot,1,1,0.001,0.001,TRADING,1,0.1,0.0001
binance:ERA/USDC,ERA/USDC,ERA,USDC,spot,1,1,0.001,0.001,TRADING,1,0.1,0.0001
binance:ERA/USDT,ERA/USDT,ERA,USDT,spot,1,1,0.001,0.001,TRADING,1,0.1,0.0001
binance:ETC/BNB,ETC/BNB,ETC,BNB,spot,1,1,0.001,0.001,TRADING,1,0.01,0.00001
binance:ETC/BTC,ETC/BTC,ETC,BTC,spot,1,1,0.001,0.001,TRADING,1,0.01,0.0000001
binance:ETC/ETH,ETC/ETH,ETC,ETH,spot,1,1,0.001,0.001,TRADING,1,0.01,0.00001
binance:ETC/FDUSD,ETC/FDUSD,ETC,FDUSD,spot,1,1,0.001,0.001,TRADING,1,0.01,0.01
binance:ETC/USDC,ETC/USDC,ETC,USDC,spot,1,1,0.001,0.001,TRADING,1,0.01,0.01
binance:ETC/USDT,ETC/USDT,ETC,USDT,spot,1,1,0.001,0.001,TRADING,1,0.01,0.01
binance:ETH/BTC,ETH/BTC,ETH,BTC,spot,1,1,0.001,0.001,TRADING,1,0.0001,0.00001
binance:ETH/DAI,ETH/DAI,ETH,DAI,spot,1,1,0.001,0.001,TRADING,1,0.0001,0.01
binance:ETH/EURI,ETH/EURI,ETH,EURI,spot,1,1,0.001,0.001,TRADING,1,0.0001,0.01
binance:ETH/FDUSD,ETH/FDUSD,ETH,FDUSD,spot,1,1,0.001,0.001,TRADING,1,0.0001,0.01
binance:ETH/TUSD,ETH/TUSD,ETH,TUSD,spot,1,1,0.001,0.001,TRADING,1,0.0001,0.01
binance:ETH/USDC,ETH/USDC,ETH,USDC,spot,1,1,0.001,0.001,TRADING,1,0.0001,0.01
binance:ETH/USDT,ETH/USDT,ETH,USDT,spot,1,1,0.001,0.001,TRADING,1,0.0001,0.01
binance:ETHFI/FDUSD,ETHFI/FDUSD,ETHFI,FDUSD,spot,1,1,0.001,0.001,TRADING,1,0.1,0.001
binance:ETHFI/USDC,ETHFI/USDC,ETHFI,USDC,spot,1,1,0.001,0.001,TRADING,1,0.1,0.001
binance:ETHFI/USDT,ETHFI/USDT,ETHFI,USDT,spot,1,1,0.001,0.001,TRADING,1,0.1,0.001
binance:EURI/USDC,EURI/USDC,EURI,USDC,spot,1,1,0.001,0.001,TRADING,1,0.1,0.0001
binance:EURI/USDT,EURI/USDT,EURI,USDT,spot,1,1,0.001,0.001,TRADING,1,0.1,0.0001
binance:FARM/USDT,FARM/USDT,FARM,USDT,spot,1,1,0.001,0.001,TRADING,1,0.001,0.01
binance:FDUSD/USDC,FDUSD/USDC,FDUSD,USDC,spot,1,1,0.001,0.001,TRADING,1,1,0.0001
binance:FDUSD/USDT,FDUSD/USDT,FDUSD,USDT,spot,1,1,0.001,0.001,TRADING,1,1,0.0001
binance:FET/BNB,FET/BNB,FET,BNB,spot,1,1,0.001,0.001,TRADING,1,0.1,0.000001
binance:FET/BTC,FET/BTC,FET,BTC,spot,1,1,0.001,0.001,TRADING,1,0.1,0.00000001
binance:FET/FDUSD,FET/FDUSD,FET,FDUSD,spot,1,1,0.001,0.001,TRADING,1,0.1,0.001
binance:FET/USDC,FET/USDC,FET,USDC,spot,1,1,0.001,0.001,TRADING,1,0.1,0.001
binance:FET/USDT,FET/USDT,FET,USDT,spot,1,1,0.001,0.001,TRADING,1,0.1,0.001
binance:FIDA/BTC,FIDA/BTC,FIDA,BTC,spot,1,1,0.001,0.001,TRADING,1,0.1,0.00000001
binance:FIDA/USDT,FIDA/USDT,FIDA,USDT,spot,1,1,0.001,0.001,TRADING,1,0.1,0.0001
binance:FIL/BTC,FIL/BTC,FIL,BTC,spot,1,1,0.001,0.001,TRADING,1,0.01,0.0000001
binance:FIL/ETH,FIL/ETH,FIL,ETH,spot,1,1,0.001,0.001,TRADING,1,0.01,0.000001
binance:FIL/FDUSD,FIL/FDUSD,FIL,FDUSD,spot,1,1,0.001,0.001,TRADING,1,0.01,0.001
binance:FIL/USDC,FIL/USDC,FIL,USDC,spot,1,1,0.001,0.001,TRADING,1,0.01,0.001
binance:FIL/USDT,FIL/USDT,FIL,USDT,spot,1,1,0.001,0.001,TRADING,1,0.01,0.001
binance:FIO/USDT,FIO/USDT,FIO,USDT,spot,1,1,0.001,0.001,TRADING,1,1,0.00001
binance:FIS/BTC,FIS/BTC,FIS,BTC,spot,1,1,0.001,0.001,TRADING,1,1,0.00000001
binance:FIS/USDT,FIS/USDT,FIS,USDT,spot,1,1,0.001,0.001,TRADING,1,1,0.0001
binance:FLM/BTC,FLM/BTC,FLM,BTC,spot,1,1,0.001,0.001,TRADING,1,1,0.00000001
binance:FLM/USDT,FLM/USDT,FLM,USDT,spot,1,1,0.001,0.001,TRADING,1,1,0.0001
binance:FLOKI/FDUSD,FLOKI/FDUSD,FLOKI,FDUSD,spot,1,1,0.001,0.001,TRADING,1,1,0.00000001
binance:FLOKI/USDC,FLOKI/USDC,FLOKI,USDC,spot,1,1,0.001,0.001,TRADING,1,1,0.00000001
binance:FLOKI/USDT,FLOKI/USDT,FLOKI,USDT,spot,1,1,0.001,0.001,TRADING,1,1,0.00000001
binance:FLOW/BTC,FLOW/BTC,FLOW,BTC,spot,1,1,0.001,0.001,TRADING,1,0.01,0.00000001
binance:FLOW/USDT,FLOW/USDT,FLOW,USDT,spot,1,1,0.001,0.001,TRADING,1,0.01,0.001
binance:FLUX/BTC,FLUX/BTC,FLUX,BTC,spot,1,1,0.001,0.001,TRADING,1,0.01,0.00000001
binance:FLUX/USDC,FLUX/USDC,FLUX,USDC,spot,1,1,0.001,0.001,TRADING,1,0.01,0.0001
binance:FLUX/USDT,FLUX/USDT,FLUX,USDT,spot,1,1,0.001,0.001,TRADING,1,0.01,0.0001
binance:FORM/USDC,FORM/USDC,FORM,USDC,spot,1,1,0.001,0.001,TRADING,1,0.1,0.0001
binance:FORM/USDT,FORM/USDT,FORM,USDT,spot,1,1,0.001,0.001,TRADING,1,0.1,0.0001
binance:FORTH/BTC,FORTH/BTC,FORTH,BTC,spot,1,1,0.001,0.001,TRADING,1,0.01,0.00000001
binance:FORTH/USDT,FORTH/USDT,FORTH,USDT,spot,1,1,0.001,0.001,TRADING,1,0.01,0.001
binance:FTT/USDT,FTT/USDT,FTT,USDT,spot,1,1,0.001,0.001,TRADING,1,0.01,0.0001
binance:FUN/USDC,FUN/USDC,FUN,USDC,spot,1,1,0.001,0.001,TRADING,1,1,0.000001
binance:FUN/USDT,FUN/USDT,FUN,USDT,spot,1,1,0.001,0.001,TRADING,1,1,0.000001
binance:FXS/USDT,FXS/USDT,FXS,USDT,spot,1,1,0.001,0.001,TRADING,1,0.1,0.001
binance:G/USDT,G/USDT,G,USDT,spot,1,1,0.001,0.001,TRADING,1,1,0.00001
binance:GALA/BTC,GALA/BTC,GALA,BTC,spot,1,1,0.001,0.001,TRADING,1,1,0.00000001
binance:GALA/ETH,GALA/ETH,GALA,ETH,spot,1,1,0.001,0.001,TRADING,1,1,0.00000001
binance:GALA/FDUSD,GALA/FDUSD,GALA,FDUSD,spot,1,1,0.001,0.001,TRADING,1,1,0.00001
binance:GALA/USDC,GALA/USDC,GALA,USDC,spot,1,1,0.001,0.001,TRADING,1,1,0.00001
binance:GALA/USDT,GALA/USDT,GALA,USDT,spot,1,1,0.001,0.001,TRADING,1,1,0.00001
binance:GAS/BTC,GAS/BTC,GAS,BTC,spot,1,1,0.001,0.001,TRADING,1,0.1,0.0000001
binance:GAS/USDT,GAS/USDT,GAS,USDT,spot,1,1,0.001,0.001,TRADING,1,0.1,0.001
binance:GHST/USDT,GHST/USDT,GHST,USDT,spot,1,1,0.001,0.001,TRADING,1,0.1,0.001
binance:GLM/BTC,GLM/BTC,GLM,BTC,spot,1,1,0.001,0.001,TRADING,1,1,0.00000001
binance:GLM/USDT,GLM/USDT,GLM,USDT,spot,1,1,0.001,0.001,TRADING,1,0.1,0.0001
binance:GLMR/BTC,GLMR/BTC,GLMR,BTC,spot,1,1,0.001,0.001,TRADING,1,0.1,0.00000001
binance:GLMR/USDT,GLMR/USDT,GLMR,USDT,spot,1,1,0.001,0.001,TRADING,1,0.1,0.0001
binance:GMT/BTC,GMT/BTC,GMT,BTC,spot,1,1,0.001,0.001,TRADING,1,0.1,0.00000001
binance:GMT/USDC,GMT/USDC,GMT,USDC,spot,1,1,0.001,0.001,TRADING,1,0.1,0.0001
binance:GMT/USDT,GMT/USDT,GMT,USDT,spot,1,1,0.001,0.001,TRADING,1,0.1,0.0001
binance:GMX/USDC,GMX/USDC,GMX,USDC,spot,1,1,0.001,0.001,TRADING,1,0.001,0.01
binance:GMX/USDT,GMX/USDT,GMX,USDT,spot,1,1,0.001,0.001,TRADING,1,0.001,0.01
binance:GNO/USDT,GNO/USDT,GNO,USDT,spot,1,1,0.001,0.001,TRADING,1,0.001,0.01
binance:GNS/USDT,GNS/USDT,GNS,USDT,spot,1,1,0.001,0.001,TRADING,1,0.01,0.001
binance:GPS/BNB,GPS/BNB,GPS,BNB,spot,1,1,0.001,0.001,TRADING,1,0.1,0.00000001
binance:GPS/USDC,GPS/USDC,GPS,USDC,spot,1,1,0.001,0.001,TRADING,1,0.1,0.00001
binance:GPS/USDT,GPS/USDT,GPS,USDT,spot,1,1,0.001,0.001,TRADING,1,0.1,0.00001
binance:GRT/BTC,GRT/BTC,GRT,BTC,spot,1,1,0.001,0.001,TRADING,1,1,0.00000001
binance:GRT/ETH,GRT/ETH,GRT,ETH,spot,1,1,0.001,0.001,TRADING,1,1,0.00000001
binance:GRT/FDUSD,GRT/FDUSD,GRT,FDUSD,spot,1,1,0.001,0.001,TRADING,1,1,0.0001
binance:GRT/USDC,GRT/USDC,GRT,USDC,spot,1,1,0.001,0.001,TRADING,1,1,0.0001
binance:GRT/USDT,GRT/USDT,GRT,USDT,spot,1,1,0.001,0.001,TRADING,1,1,0.0001
binance:GTC/USDT,GTC/USDT,GTC,USDT,spot,1,1,0.001,0.001,TRADING,1,0.1,0.001
binance:GUN/BNB,GUN/BNB,GUN,BNB,spot,1,1,0.001,0.001,TRADING,1,1,0.00000001
binance:GUN/FDUSD,GUN/FDUSD,GUN,FDUSD,spot,1,1,0.001,0.001,TRADING,1,1,0.00001
binance:GUN/USDC,GUN/USDC,GUN,USDC,spot,1,1,0.001,0.001,TRADING,1,1,0.00001
binance:GUN/USDT,GUN/USDT,GUN,USDT,spot,1,1,0.001,0.001,TRADING,1,1,0.00001
binance:HAEDAL/BNB,HAEDAL/BNB,HAEDAL,BNB,spot,1,1,0.001,0.001,TRADING,1,0.1,0.0000001
binance:HAEDAL/FDUSD,HAEDAL/FDUSD,HAEDAL,FDUSD,spot,1,1,0.001,0.001,TRADING,1,0.1,0.0001
binance:HAEDAL/USDC,HAEDAL/USDC,HAEDAL,USDC,spot,1,1,0.001,0.001,TRADING,1,0.1,0.0001
binance:HAEDAL/USDT,HAEDAL/USDT,HAEDAL,USDT,spot,1,1,0.001,0.001,TRADING,1,0.1,0.0001
binance:HBAR/BNB,HBAR/BNB,HBAR,BNB,spot,1,1,0.001,0.001,TRADING,1,1,0.00000001
binance:HBAR/BTC,HBAR/BTC,HBAR,BTC,spot,1,1,0.001,0.001,TRADING,1,1,0.00000001
binance:HBAR/FDUSD,HBAR/FDUSD,HBAR,FDUSD,spot,1,1,0.001,0.001,TRADING,1,1,0.00001
binance:HBAR/USDC,HBAR/USDC,HBAR,USDC,spot,1,1,0.001,0.001,TRADING,1,1,0.00001
binance:HBAR/USDT,HBAR/USDT,HBAR,USDT,spot,1,1,0.001,0.001,TRADING,1,1,0.00001
binance:HEI/BTC,HEI/BTC,HEI,BTC,spot,1,1,0.001,0.001,TRADING,1,0.1,0.00000001
binance:HEI/USDC,HEI/USDC,HEI,USDC,spot,1,1,0.001,0.001,TRADING,1,0.1,0.0001
binance:HEI/USDT,HEI/USDT,HEI,USDT,spot,1,1,0.001,0.001,TRADING,1,0.1,0.0001
binance:HFT/BTC,HFT/BTC,HFT,BTC,spot,1,1,0.001,0.001,TRADING,1,0.1,0.00000001
binance:HFT/USDT,HFT/USDT,HFT,USDT,spot,1,1,0.001,0.001,TRADING,1,0.1,0.0001
binance:HIFI/USDT,HIFI/USDT,HIFI,USDT,spot,1,1,0.001,0.001,TRADING,1,0.1,0.0001
binance:HIGH/USDT,HIGH/USDT,HIGH,USDT,spot,1,1,0.001,0.001,TRADING,1,0.001,0.001
binance:HIVE/BTC,HIVE/BTC,HIVE,BTC,spot,1,1,0.001,0.001,TRADING,1,1,0.00000001
binance:HIVE/USDC,HIVE/USDC,HIVE,USDC,spot,1,1,0.001,0.001,TRADING,1,1,0.0001
binance:HIVE/USDT,HIVE/USDT,HIVE,USDT,spot,1,1,0.001,0.001,TRADING,1,1,0.0001
binance:HMSTR/FDUSD,HMSTR/FDUSD,HMSTR,FDUSD,spot,1,1,0.001,0.001,TRADING,1,1,0.000001
binance:HMSTR/USDC,HMSTR/USDC,HMSTR,USDC,spot,1,1,0.001,0.001,TRADING,1,1,0.000001
binance:HMSTR/USDT,HMSTR/USDT,HMSTR,USDT,spot,1,1,0.001,0.001,TRADING,1,1,0.000001
binance:HOME/BNB,HOME/BNB,HOME,BNB,spot,1,1,0.001,0.001,TRADING,1,1,0.00000001
binance:HOME/FDUSD,HOME/FDUSD,HOME,FDUSD,spot,1,1,0.001,0.001,TRADING,1,1,0.00001
binance:HOME/USDC,HOME/USDC,HOME,USDC,spot,1,1,0.001,0.001,TRADING,1,1,0.00001
binance:HOME/USDT,HOME/USDT,HOME,USDT,spot,1,1,0.001,0.001,TRADING,1,1,0.00001
binance:HOOK/USDT,HOOK/USDT,HOOK,USDT,spot,1,1,0.001,0.001,TRADING,1,0.1,0.0001
binance:HOT/ETH,HOT/ETH,HOT,ETH,spot,1,1,0.001,0.001,TRADING,1,1,0.00000001
binance:HOT/USDT,HOT/USDT,HOT,USDT,spot,1,1,0.001,0.001,TRADING,1,1,0.000001
binance:HUMA/BNB,HUMA/BNB,HUMA,BNB,spot,1,1,0.001,0.001,TRADING,1,1,0.00000001
binance:HUMA/FDUSD,HUMA/FDUSD,HUMA,FDUSD,spot,1,1,0.001,0.001,TRADING,1,1,0.00001
binance:HUMA/USDC,HUMA/USDC,HUMA,USDC,spot,1,1,0.001,0.001,TRADING,1,1,0.00001
binance:HUMA/USDT,HUMA/USDT,HUMA,USDT,spot,1,1,0.001,0.001,TRADING,1,1,0.00001
binance:HYPER/BNB,HYPER/BNB,HYPER,BNB,spot,1,1,0.001,0.001,TRADING,1,0.1,0.0000001
binance:HYPER/USDC,HYPER/USDC,HYPER,USDC,spot,1,1,0.001,0.001,TRADING,1,0.1,0.0001
binance:HYPER/USDT,HYPER/USDT,HYPER,USDT,spot,1,1,0.001,0.001,TRADING,1,0.1,0.0001
binance:ICP/BTC,ICP/BTC,ICP,BTC,spot,1,1,0.001,0.001,TRADING,1,0.01,0.0000001
binance:ICP/ETH,ICP/ETH,ICP,ETH,spot,1,1,0.001,0.001,TRADING,1,0.001,0.000001
binance:ICP/FDUSD,ICP/FDUSD,ICP,FDUSD,spot,1,1,0.001,0.001,TRADING,1,0.01,0.001
binance:ICP/USDC,ICP/USDC,ICP,USDC,spot,1,1,0.001,0.001,TRADING,1,0.01,0.001
binance:ICP/USDT,ICP/USDT,ICP,USDT,spot,1,1,0.001,0.001,TRADING,1,0.01,0.001
binance:ICX/BTC,ICX/BTC,ICX,BTC,spot,1,1,0.001,0.001,TRADING,1,1,0.00000001
binance:ICX/USDT,ICX/USDT,ICX,USDT,spot,1,1,0.001,0.001,TRADING,1,0.1,0.0001
binance:ID/BTC,ID/BTC,ID,BTC,spot,1,1,0.001,0.001,TRADING,1,1,0.00000001
binance:ID/USDT,ID/USDT,ID,USDT,spot,1,1,0.001,0.001,TRADING,1,1,0.0001
binance:IDEX/USDC,IDEX/USDC,IDEX,USDC,spot,1,1,0.001,0.001,TRADING,1,0.1,0.00001
binance:IDEX/USDT,IDEX/USDT,IDEX,USDT,spot,1,1,0.001,0.001,TRADING,1,0.1,0.00001
binance:ILV/BTC,ILV/BTC,ILV,BTC,spot,1,1,0.001,0.001,TRADING,1,0.001,0.000001
binance:ILV/USDC,ILV/USDC,ILV,USDC,spot,1,1,0.001,0.001,TRADING,1,0.001,0.01
binance:ILV/USDT,ILV/USDT,ILV,USDT,spot,1,1,0.001,0.001,TRADING,1,0.001,0.01
binance:IMX/BTC,IMX/BTC,IMX,BTC,spot,1,1,0.001,0.001,TRADING,1,0.01,0.00000001
binance:IMX/USDT,IMX/USDT,IMX,USDT,spot,1,1,0.001,0.001,TRADING,1,0.01,0.001
binance:INIT/BNB,INIT/BNB,INIT,BNB,spot,1,1,0.001,0.001,TRADING,1,0.1,0.000001
binance:INIT/FDUSD,INIT/FDUSD,INIT,FDUSD,spot,1,1,0.001,0.001,TRADING,1,0.1,0.0001
binance:INIT/USDC,INIT/USDC,INIT,USDC,spot,1,1,0.001,0.001,TRADING,1,0.1,0.0001
binance:INIT/USDT,INIT/USDT,INIT,USDT,spot,1,1,0.001,0.001,TRADING,1,0.1,0.0001
binance:INJ/BNB,INJ/BNB,INJ,BNB,spot,1,1,0.001,0.001,TRADING,1,0.01,0.00001
binance:INJ/BTC,INJ/BTC,INJ,BTC,spot,1,1,0.001,0.001,TRADING,1,0.01,0.0000001
binance:INJ/ETH,INJ/ETH,INJ,ETH,spot,1,1,0.001,0.001,TRADING,1,0.01,0.000001
binance:INJ/FDUSD,INJ/FDUSD,INJ,FDUSD,spot,1,1,0.001,0.001,TRADING,1,0.01,0.01
binance:INJ/USDC,INJ/USDC,INJ,USDC,spot,1,1,0.001,0.001,TRADING,1,0.01,0.01
binance:INJ/USDT,INJ/USDT,INJ,USDT,spot,1,1,0.001,0.001,TRADING,1,0.01,0.01
binance:IO/BNB,IO/BNB,IO,BNB,spot,1,1,0.001,0.001,TRADING,1,0.01,0.000001
binance:IO/BTC,IO/BTC,IO,BTC,spot,1,1,0.001,0.001,TRADING,1,0.01,0.00000001
binance:IO/FDUSD,IO/FDUSD,IO,FDUSD,spot,1,1,0.001,0.001,TRADING,1,0.01,0.001
binance:IO/USDC,IO/USDC,IO,USDC,spot,1,1,0.001,0.001,TRADING,1,0.01,0.001
binance:IO/USDT,IO/USDT,IO,USDT,spot,1,1,0.001,0.001,TRADING,1,0.01,0.001
binance:IOST/USDT,IOST/USDT,IOST,USDT,spot,1,1,0.001,0.001,TRADING,1,1,0.000001
binance:IOTA/BTC,IOTA/BTC,IOTA,BTC,spot,1,1,0.001,0.001,TRADING,1,1,0.00000001
binance:IOTA/ETH,IOTA/ETH,IOTA,ETH,spot,1,1,0.001,0.001,TRADING,1,1,0.00000001
binance:IOTA/USDC,IOTA/USDC,IOTA,USDC,spot,1,1,0.001,0.001,TRADING,1,1,0.0001
binance:IOTA/USDT,IOTA/USDT,IOTA,USDT,spot,1,1,0.001,0.001,TRADING,1,1,0.0001
binance:IOTX/BTC,IOTX/BTC,IOTX,BTC,spot,1,1,0.001,0.001,TRADING,1,1,0.00000001
binance:IOTX/ETH,IOTX/ETH,IOTX,ETH,spot,1,1,0.001,0.001,TRADING,1,1,0.00000001
binance:IOTX/USDT,IOTX/USDT,IOTX,USDT,spot,1,1,0.001,0.001,TRADING,1,1,0.00001
binance:IQ/USDT,IQ/USDT,IQ,USDT,spot,1,1,0.001,0.001,TRADING,1,1,0.000001
binance:JASMY/USDT,JASMY/USDT,JASMY,USDT,spot,1,1,0.001,0.001,TRADING,1,0.1,0.00001
binance:JOE/BTC,JOE/BTC,JOE,BTC,spot,1,1,0.001,0.001,TRADING,1,0.01,0.00000001
binance:JOE/USDT,JOE/USDT,JOE,USDT,spot,1,1,0.001,0.001,TRADING,1,0.01,0.0001
binance:JST/BTC,JST/BTC,JST,BTC,spot,1,1,0.001,0.001,TRADING,1,1,0.00000001
binance:JST/USDT,JST/USDT,JST,USDT,spot,1,1,0.001,0.001,TRADING,1,0.1,0.00001
binance:JTO/FDUSD,JTO/FDUSD,JTO,FDUSD,spot,1,1,0.001,0.001,TRADING,1,0.1,0.001
binance:JTO/USDC,JTO/USDC,JTO,USDC,spot,1,1,0.001,0.001,TRADING,1,0.1,0.001
binance:JTO/USDT,JTO/USDT,JTO,USDT,spot,1,1,0.001,0.001,TRADING,1,0.1,0.001
binance:JUP/FDUSD,JUP/FDUSD,JUP,FDUSD,spot,1,1,0.001,0.001,TRADING,1,0.1,0.0001
binance:JUP/USDC,JUP/USDC,JUP,USDC,spot,1,1,0.001,0.001,TRADING,1,0.1,0.0001
binance:JUP/USDT,JUP/USDT,JUP,USDT,spot,1,1,0.001,0.001,TRADING,1,0.1,0.0001
binance:JUV/USDC,JUV/USDC,JUV,USDC,spot,1,1,0.001,0.001,TRADING,1,0.01,0.001
binance:JUV/USDT,JUV/USDT,JUV,USDT,spot,1,1,0.001,0.001,TRADING,1,0.01,0.001
binance:KAIA/USDC,KAIA/USDC,KAIA,USDC,spot,1,1,0.001,0.001,TRADING,1,0.1,0.0001
binance:KAIA/USDT,KAIA/USDT,KAIA,USDT,spot,1,1,0.001,0.001,TRADING,1,0.1,0.0001
binance:KAITO/BTC,KAITO/BTC,KAITO,BTC,spot,1,1,0.001,0.001,TRADING,1,0.1,0.00000001
binance:KAITO/FDUSD,KAITO/FDUSD,KAITO,FDUSD,spot,1,1,0.001,0.001,TRADING,1,0.1,0.0001
binance:KAITO/USDC,KAITO/USDC,KAITO,USDC,spot,1,1,0.001,0.001,TRADING,1,0.1,0.0001
binance:KAITO/USDT,KAITO/USDT,KAITO,USDT,spot,1,1,0.001,0.001,TRADING,1,0.1,0.0001
binance:KAVA/BTC,KAVA/BTC,KAVA,BTC,spot,1,1,0.001,0.001,TRADING,1,0.1,0.00000001
binance:KAVA/USDT,KAVA/USDT,KAVA,USDT,spot,1,1,0.001,0.001,TRADING,1,0.1,0.0001
binance:KDA/BTC,KDA/BTC,KDA,BTC,spot,1,1,0.001,0.001,TRADING,1,0.01,0.00000001
binance:KDA/USDT,KDA/USDT,KDA,USDT,spot,1,1,0.001,0.001,TRADING,1,0.01,0.0001
binance:KERNEL/BNB,KERNEL/BNB,KERNEL,BNB,spot,1,1,0.001,0.001,TRADING,1,0.1,0.0000001
binance:KERNEL/FDUSD,KERNEL/FDUSD,KERNEL,FDUSD,spot,1,1,0.001,0.001,TRADING,1,0.1,0.0001
binance:KERNEL/USDC,KERNEL/USDC,KERNEL,USDC,spot,1,1,0.001,0.001,TRADING,1,0.1,0.0001
binance:KERNEL/USDT,KERNEL/USDT,KERNEL,USDT,spot,1,1,0.001,0.001,TRADING,1,0.1,0.0001
binance:KMNO/USDC,KMNO/USDC,KMNO,USDC,spot,1,1,0.001,0.001,TRADING,1,1,0.00001
binance:KMNO/USDT,KMNO/USDT,KMNO,USDT,spot,1,1,0.001,0.001,TRADING,1,1,0.00001
binance:KNC/BTC,KNC/BTC,KNC,BTC,spot,1,1,0.001,0.001,TRADING,1,0.1,0.00000001
binance:KNC/USDT,KNC/USDT,KNC,USDT,spot,1,1,0.001,0.001,TRADING,1,0.1,0.0001
binance:KSM/BTC,KSM/BTC,KSM,BTC,spot,1,1,0.001,0.001,TRADING,1,0.001,0.0000001
binance:KSM/USDT,KSM/USDT,KSM,USDT,spot,1,1,0.001,0.001,TRADING,1,0.001,0.01
binance:LA/BNB,LA/BNB,LA,BNB,spot,1,1,0.001,0.001,TRADING,1,0.1,0.0000001
binance:LA/FDUSD,LA/FDUSD,LA,FDUSD,spot,1,1,0.001,0.001,TRADING,1,0.1,0.0001
binance:LA/USDC,LA/USDC,LA,USDC,spot,1,1,0.001,0.001,TRADING,1,0.1,0.0001
binance:LA/USDT,LA/USDT,LA,USDT,spot,1,1,0.001,0.001,TRADING,1,0.1,0.0001
binance:LAYER/BNB,LAYER/BNB,LAYER,BNB,spot,1,1,0.001,0.001,TRADING,1,0.01,0.0000001
binance:LAYER/BTC,LAYER/BTC,LAYER,BTC,spot,1,1,0.001,0.001,TRADING,1,0.01,0.00000001
binance:LAYER/FDUSD,LAYER/FDUSD,LAYER,FDUSD,spot,1,1,0.001,0.001,TRADING,1,0.01,0.0001
binance:LAYER/USDC,LAYER/USDC,LAYER,USDC,spot,1,1,0.001,0.001,TRADING,1,0.01,0.0001
binance:LAYER/USDT,LAYER/USDT,LAYER,USDT,spot,1,1,0.001,0.001,TRADING,1,0.01,0.0001
binance:LAZIO/USDT,LAZIO/USDT,LAZIO,USDT,spot,1,1,0.001,0.001,TRADING,1,0.01,0.001
binance:LDO/BTC,LDO/BTC,LDO,BTC,spot,1,1,0.001,0.001,TRADING,1,0.01,0.00000001
binance:LDO/FDUSD,LDO/FDUSD,LDO,FDUSD,spot,1,1,0.001,0.001,TRADING,1,0.01,0.001
binance:LDO/USDC,LDO/USDC,LDO,USDC,spot,1,1,0.001,0.001,TRADING,1,0.01,0.001
binance:LDO/USDT,LDO/USDT,LDO,USDT,spot,1,1,0.001,0.001,TRADING,1,0.01,0.001
binance:LINK/BNB,LINK/BNB,LINK,BNB,spot,1,1,0.001,0.001,TRADING,1,0.001,0.00001
binance:LINK/BTC,LINK/BTC,LINK,BTC,spot,1,1,0.001,0.001,TRADING,1,0.01,0.0000001
binance:LINK/ETH,LINK/ETH,LINK,ETH,spot,1,1,0.001,0.001,TRADING,1,0.01,0.000001
binance:LINK/FDUSD,LINK/FDUSD,LINK,FDUSD,spot,1,1,0.001,0.001,TRADING,1,0.01,0.01
binance:LINK/USDC,LINK/USDC,LINK,USDC,spot,1,1,0.001,0.001,TRADING,1,0.01,0.01
binance:LINK/USDT,LINK/USDT,LINK,USDT,spot,1,1,0.001,0.001,TRADING,1,0.01,0.01
binance:LISTA/BNB,LISTA/BNB,LISTA,BNB,spot,1,1,0.001,0.001,TRADING,1,0.1,0.0000001
binance:LISTA/FDUSD,LISTA/FDUSD,LISTA,FDUSD,spot,1,1,0.001,0.001,TRADING,1,0.1,0.0001
binance:LISTA/USDC,LISTA/USDC,LISTA,USDC,spot,1,1,0.001,0.001,TRADING,1,0.1,0.0001
binance:LISTA/USDT,LISTA/USDT,LISTA,USDT,spot,1,1,0.001,0.001,TRADING,1,0.1,0.0001
binance:LPT/BNB,LPT/BNB,LPT,BNB,spot,1,1,0.001,0.001,TRADING,1,0.01,0.00001
binance:LPT/BTC,LPT/BTC,LPT,BTC,spot,1,1,0.001,0.001,TRADING,1,0.01,0.0000001
binance:LPT/USDC,LPT/USDC,LPT,USDC,spot,1,1,0.001,0.001,TRADING,1,0.01,0.001
binance:LPT/USDT,LPT/USDT,LPT,USDT,spot,1,1,0.001,0.001,TRADING,1,0.01,0.001
binance:LQTY/USDT,LQTY/USDT,LQTY,USDT,spot,1,1,0.001,0.001,TRADING,1,0.1,0.001
binance:LRC/BTC,LRC/BTC,LRC,BTC,spot,1,1,0.001,0.001,TRADING,1,1,0.00000001
binance:LRC/ETH,LRC/ETH,LRC,ETH,spot,1,1,0.001,0.001,TRADING,1,1,0.00000001
binance:LRC/USDT,LRC/USDT,LRC,USDT,spot,1,1,0.001,0.001,TRADING,1,1,0.0001
binance:LSK/BTC,LSK/BTC,LSK,BTC,spot,1,1,0.001,0.001,TRADING,1,0.1,0.00000001
binance:LSK/USDT,LSK/USDT,LSK,USDT,spot,1,1,0.001,0.001,TRADING,1,0.1,0.001
binance:LTC/BNB,LTC/BNB,LTC,BNB,spot,1,1,0.001,0.001,TRADING,1,0.001,0.0001
binance:LTC/BTC,LTC/BTC,LTC,BTC,spot,1,1,0.001,0.001,TRADING,1,0.001,0.000001
binance:LTC/ETH,LTC/ETH,LTC,ETH,spot,1,1,0.001,0.001,TRADING,1,0.001,0.00001
binance:LTC/FDUSD,LTC/FDUSD,LTC,FDUSD,spot,1,1,0.001,0.001,TRADING,1,0.001,0.01
binance:LTC/USDC,LTC/USDC,LTC,USDC,spot,1,1,0.001,0.001,TRADING,1,0.001,0.01
binance:LTC/USDT,LTC/USDT,LTC,USDT,spot,1,1,0.001,0.001,TRADING,1,0.001,0.01
binance:LUMIA/USDT,LUMIA/USDT,LUMIA,USDT,spot,1,1,0.001,0.001,TRADING,1,0.01,0.001
binance:LUNA/USDT,LUNA/USDT,LUNA,USDT,spot,1,1,0.001,0.001,TRADING,1,0.01,0.0001
binance:LUNC/USDT,LUNC/USDT,LUNC,USDT,spot,1,1,0.001,0.001,TRADING,1,0.01,0.00000001
binance:MAGIC/BTC,MAGIC/BTC,MAGIC,BTC,spot,1,1,0.001,0.001,TRADING,1,0.1,0.00000001
binance:MAGIC/USDC,MAGIC/USDC,MAGIC,USDC,spot,1,1,0.001,0.001,TRADING,1,0.1,0.0001
binance:MAGIC/USDT,MAGIC/USDT,MAGIC,USDT,spot,1,1,0.001,0.001,TRADING,1,0.1,0.0001
binance:MANA/BTC,MANA/BTC,MANA,BTC,spot,1,1,0.001,0.001,TRADING,1,1,0.00000001
binance:MANA/ETH,MANA/ETH,MANA,ETH,spot,1,1,0.001,0.001,TRADING,1,1,0.0000001
binance:MANA/USDT,MANA/USDT,MANA,USDT,spot,1,1,0.001,0.001,TRADING,1,1,0.0001
binance:MANTA/BTC,MANTA/BTC,MANTA,BTC,spot,1,1,0.001,0.001,TRADING,1,0.1,0.00000001
binance:MANTA/FDUSD,MANTA/FDUSD,MANTA,FDUSD,spot,1,1,0.001,0.001,TRADING,1,0.1,0.001
binance:MANTA/USDC,MANTA/USDC,MANTA,USDC,spot,1,1,0.001,0.001,TRADING,1,0.1,0.001
binance:MANTA/USDT,MANTA/USDT,MANTA,USDT,spot,1,1,0.001,0.001,TRADING,1,0.1,0.001
binance:MASK/USDC,MASK/USDC,MASK,USDC,spot,1,1,0.001,0.001,TRADING,1,0.1,0.001
binance:MASK/USDT,MASK/USDT,MASK,USDT,spot,1,1,0.001,0.001,TRADING,1,0.1,0.001
binance:MAV/BTC,MAV/BTC,MAV,BTC,spot,1,1,0.001,0.001,TRADING,1,1,0.00000001
binance:MAV/USDT,MAV/USDT,MAV,USDT,spot,1,1,0.001,0.001,TRADING,1,1,0.00001
binance:MBL/USDT,MBL/USDT,MBL,USDT,spot,1,1,0.001,0.001,TRADING,1,1,0.000001
binance:MBOX/USDT,MBOX/USDT,MBOX,USDT,spot,1,1,0.001,0.001,TRADING,1,0.1,0.0001
binance:MDT/USDT,MDT/USDT,MDT,USDT,spot,1,1,0.001,0.001,TRADING,1,0.1,0.00001
binance:ME/BTC,ME/BTC,ME,BTC,spot,1,1,0.001,0.001,TRADING,1,0.01,0.00000001
binance:ME/FDUSD,ME/FDUSD,ME,FDUSD,spot,1,1,0.001,0.001,TRADING,1,0.01,0.001
binance:ME/USDT,ME/USDT,ME,USDT,spot,1,1,0.001,0.001,TRADING,1,0.01,0.001
binance:MEME/FDUSD,MEME/FDUSD,MEME,FDUSD,spot,1,1,0.001,0.001,TRADING,1,1,0.000001
binance:MEME/USDC,MEME/USDC,MEME,USDC,spot,1,1,0.001,0.001,TRADING,1,1,0.000001
binance:MEME/USDT,MEME/USDT,MEME,USDT,spot,1,1,0.001,0.001,TRADING,1,1,0.000001
binance:METIS/USDT,METIS/USDT,METIS,USDT,spot,1,1,0.001,0.001,TRADING,1,0.001,0.01
binance:MINA/BTC,MINA/BTC,MINA,BTC,spot,1,1,0.001,0.001,TRADING,1,0.1,0.00000001
binance:MINA/USDT,MINA/USDT,MINA,USDT,spot,1,1,0.001,0.001,TRADING,1,0.1,0.0001
binance:MKR/BTC,MKR/BTC,MKR,BTC,spot,1,1,0.001,0.001,TRADING,1,0.0001,0.00001
binance:MKR/USDC,MKR/USDC,MKR,USDC,spot,1,1,0.001,0.001,TRADING,1,0.0001,0.1
binance:MKR/USDT,MKR/USDT,MKR,USDT,spot,1,1,0.001,0.001,TRADING,1,0.0001,0.1
binance:MLN/USDT,MLN/USDT,MLN,USDT,spot,1,1,0.001,0.001,TRADING,1,0.001,0.01
binance:MOVE/BNB,MOVE/BNB,MOVE,BNB,spot,1,1,0.001,0.001,TRADING,1,0.1,0.0000001
binance:MOVE/BTC,MOVE/BTC,MOVE,BTC,spot,1,1,0.001,0.001,TRADING,1,0.1,0.00000001
binance:MOVE/FDUSD,MOVE/FDUSD,MOVE,FDUSD,spot,1,1,0.001,0.001,TRADING,1,0.1,0.0001
binance:MOVE/USDC,MOVE/USDC,MOVE,USDC,spot,1,1,0.001,0.001,TRADING,1,0.1,0.0001
binance:MOVE/USDT,MOVE/USDT,MOVE,USDT,spot,1,1,0.001,0.001,TRADING,1,0.1,0.0001
binance:MOVR/BTC,MOVR/BTC,MOVR,BTC,spot,1,1,0.001,0.001,TRADING,1,0.001,0.0000001
binance:MOVR/USDT,MOVR/USDT,MOVR,USDT,spot,1,1,0.001,0.001,TRADING,1,0.001,0.001
binance:MTL/BTC,MTL/BTC,MTL,BTC,spot,1,1,0.001,0.001,TRADING,1,0.1,0.00000001
binance:MTL/USDT,MTL/USDT,MTL,USDT,spot,1,1,0.001,0.001,TRADING,1,0.1,0.001
binance:MUBARAK/USDC,MUBARAK/USDC,MUBARAK,USDC,spot,1,1,0.001,0.001,TRADING,1,0.1,0.00001
binance:MUBARAK/USDT,MUBARAK/USDT,MUBARAK,USDT,spot,1,1,0.001,0.001,TRADING,1,0.1,0.00001
binance:NEAR/BNB,NEAR/BNB,NEAR,BNB,spot,1,1,0.001,0.001,TRADING,1,0.1,0.000001
binance:NEAR/BTC,NEAR/BTC,NEAR,BTC,spot,1,1,0.001,0.001,TRADING,1,0.1,0.00000001
binance:NEAR/ETH,NEAR/ETH,NEAR,ETH,spot,1,1,0.001,0.001,TRADING,1,0.001,0.000001
binance:NEAR/FDUSD,NEAR/FDUSD,NEAR,FDUSD,spot,1,1,0.001,0.001,TRADING,1,0.1,0.001
binance:NEAR/USDC,NEAR/USDC,NEAR,USDC,spot,1,1,0.001,0.001,TRADING,1,0.1,0.001
binance:NEAR/USDT,NEAR/USDT,NEAR,USDT,spot,1,1,0.001,0.001,TRADING,1,0.1,0.001
binance:NEIRO/FDUSD,NEIRO/FDUSD,NEIRO,FDUSD,spot,1,1,0.001,0.001,TRADING,1,1,0.00000001
binance:NEIRO/USDC,NEIRO/USDC,NEIRO,USDC,spot,1,1,0.001,0.001,TRADING,1,1,0.00000001
binance:NEIRO/USDT,NEIRO/USDT,NEIRO,USDT,spot,1,1,0.001,0.001,TRADING,1,1,0.00000001
binance:NEO/BTC,NEO/BTC,NEO,BTC,spot,1,1,0.001,0.001,TRADING,1,0.01,0.0000001
binance:NEO/USDC,NEO/USDC,NEO,USDC,spot,1,1,0.001,0.001,TRADING,1,0.01,0.01
binance:NEO/USDT,NEO/USDT,NEO,USDT,spot,1,1,0.001,0.001,TRADING,1,0.01,0.01
binance:NEWT/BNB,NEWT/BNB,NEWT,BNB,spot,1,1,0.001,0.001,TRADING,1,0.1,0.00000001
binance:NEWT/FDUSD,NEWT/FDUSD,NEWT,FDUSD,spot,1,1,0.001,0.001,TRADING,1,0.1,0.0001
binance:NEWT/USDC,NEWT/USDC,NEWT,USDC,spot,1,1,0.001,0.001,TRADING,1,0.1,0.0001
binance:NEWT/USDT,NEWT/USDT,NEWT,USDT,spot,1,1,0.001,0.001,TRADING,1,0.1,0.0001
binance:NEXO/BTC,NEXO/BTC,NEXO,BTC,spot,1,1,0.001,0.001,TRADING,1,0.01,0.00000001
binance:NEXO/USDT,NEXO/USDT,NEXO,USDT,spot,1,1,0.001,0.001,TRADING,1,0.01,0.001
binance:NFP/BTC,NFP/BTC,NFP,BTC,spot,1,1,0.001,0.001,TRADING,1,1,0.00000001
binance:NFP/FDUSD,NFP/FDUSD,NFP,FDUSD,spot,1,1,0.001,0.001,TRADING,1,1,0.0001
binance:NFP/USDT,NFP/USDT,NFP,USDT,spot,1,1,0.001,0.001,TRADING,1,1,0.0001
binance:NIL/BNB,NIL/BNB,NIL,BNB,spot,1,1,0.001,0.001,TRADING,1,0.1,0.0000001
binance:NIL/FDUSD,NIL/FDUSD,NIL,FDUSD,spot,1,1,0.001,0.001,TRADING,1,0.1,0.0001
binance:NIL/USDC,NIL/USDC,NIL,USDC,spot,1,1,0.001,0.001,TRADING,1,0.1,0.0001
binance:NIL/USDT,NIL/USDT,NIL,USDT,spot,1,1,0.001,0.001,TRADING,1,0.1,0.0001
binance:NKN/USDT,NKN/USDT,NKN,USDT,spot,1,1,0.001,0.001,TRADING,1,1,0.0001
binance:NMR/BTC,NMR/BTC,NMR,BTC,spot,1,1,0.001,0.001,TRADING,1,0.01,0.0000001
binance:NMR/USDT,NMR/USDT,NMR,USDT,spot,1,1,0.001,0.001,TRADING,1,0.01,0.01
binance:NOT/FDUSD,NOT/FDUSD,NOT,FDUSD,spot,1,1,0.001,0.001,TRADING,1,1,0.000001
binance:NOT/USDC,NOT/USDC,NOT,USDC,spot,1,1,0.001,0.001,TRADING,1,1,0.000001
binance:NOT/USDT,NOT/USDT,NOT,USDT,spot,1,1,0.001,0.001,TRADING,1,1,0.000001
binance:NTRN/BNB,NTRN/BNB,NTRN,BNB,spot,1,1,0.001,0.001,TRADING,1,0.1,0.000001
binance:NTRN/USDT,NTRN/USDT,NTRN,USDT,spot,1,1,0.001,0.001,TRADING,1,0.1,0.0001
binance:NXPC/BNB,NXPC/BNB,NXPC,BNB,spot,1,1,0.001,0.001,TRADING,1,0.1,0.00000001
binance:NXPC/FDUSD,NXPC/FDUSD,NXPC,FDUSD,spot,1,1,0.001,0.001,TRADING,1,0.1,0.0001
binance:NXPC/USDC,NXPC/USDC,NXPC,USDC,spot,1,1,0.001,0.001,TRADING,1,0.1,0.0001
binance:NXPC/USDT,NXPC/USDT,NXPC,USDT,spot,1,1,0.001,0.001,TRADING,1,0.1,0.0001
binance:OG/BTC,OG/BTC,OG,BTC,spot,1,1,0.001,0.001,TRADING,1,0.1,0.0000001
binance:OG/USDT,OG/USDT,OG,USDT,spot,1,1,0.001,0.001,TRADING,1,0.1,0.001
binance:OGN/BTC,OGN/BTC,OGN,BTC,spot,1,1,0.001,0.001,TRADING,1,1,0.00000001
binance:OGN/USDT,OGN/USDT,OGN,USDT,spot,1,1,0.001,0.001,TRADING,1,1,0.0001
binance:OM/BTC,OM/BTC,OM,BTC,spot,1,1,0.001,0.001,TRADING,1,0.1,0.00000001
binance:OM/USDC,OM/USDC,OM,USDC,spot,1,1,0.001,0.001,TRADING,1,0.1,0.0001
binance:OM/USDT,OM/USDT,OM,USDT,spot,1,1,0.001,0.001,TRADING,1,0.1,0.0001
binance:OMNI/BTC,OMNI/BTC,OMNI,BTC,spot,1,1,0.001,0.001,TRADING,1,0.01,0.0000001
binance:OMNI/FDUSD,OMNI/FDUSD,OMNI,FDUSD,spot,1,1,0.001,0.001,TRADING,1,0.01,0.01
binance:OMNI/USDC,OMNI/USDC,OMNI,USDC,spot,1,1,0.001,0.001,TRADING,1,0.01,0.01
binance:OMNI/USDT,OMNI/USDT,OMNI,USDT,spot,1,1,0.001,0.001,TRADING,1,0.01,0.01
binance:ONDO/USDC,ONDO/USDC,ONDO,USDC,spot,1,1,0.001,0.001,TRADING,1,0.1,0.0001
binance:ONDO/USDT,ONDO/USDT,ONDO,USDT,spot,1,1,0.001,0.001,TRADING,1,0.1,0.0001
binance:ONE/USDT,ONE/USDT,ONE,USDT,spot,1,1,0.001,0.001,TRADING,1,0.1,0.00001
binance:ONG/BTC,ONG/BTC,ONG,BTC,spot,1,1,0.001,0.001,TRADING,1,1,0.00000001
binance:ONG/USDT,ONG/USDT,ONG,USDT,spot,1,1,0.001,0.001,TRADING,1,1,0.0001
binance:ONT/BTC,ONT/BTC,ONT,BTC,spot,1,1,0.001,0.001,TRADING,1,1,0.00000001
binance:ONT/USDC,ONT/USDC,ONT,USDC,spot,1,1,0.001,0.001,TRADING,1,1,0.0001
binance:ONT/USDT,ONT/USDT,ONT,USDT,spot,1,1,0.001,0.001,TRADING,1,1,0.0001
binance:OP/BTC,OP/BTC,OP,BTC,spot,1,1,0.001,0.001,TRADING,1,0.01,0.00000001
binance:OP/ETH,OP/ETH,OP,ETH,spot,1,1,0.001,0.001,TRADING,1,0.01,0.000001
binance:OP/FDUSD,OP/FDUSD,OP,FDUSD,spot,1,1,0.001,0.001,TRADING,1,0.01,0.001
binance:OP/USDC,OP/USDC,OP,USDC,spot,1,1,0.001,0.001,TRADING,1,0.01,0.001
binance:OP/USDT,OP/USDT,OP,USDT,spot,1,1,0.001,0.001,TRADING,1,0.01,0.001
binance:ORCA/USDC,ORCA/USDC,ORCA,USDC,spot,1,1,0.001,0.001,TRADING,1,0.01,0.001
binance:ORCA/USDT,ORCA/USDT,ORCA,USDT,spot,1,1,0.001,0.001,TRADING,1,0.01,0.001
binance:ORDI/BTC,ORDI/BTC,ORDI,BTC,spot,1,1,0.001,0.001,TRADING,1,0.01,0.00000001
binance:ORDI/FDUSD,ORDI/FDUSD,ORDI,FDUSD,spot,1,1,0.001,0.001,TRADING,1,0.01,0.001
binance:ORDI/USDC,ORDI/USDC,ORDI,USDC,spot,1,1,0.001,0.001,TRADING,1,0.01,0.001
binance:ORDI/USDT,ORDI/USDT,ORDI,USDT,spot,1,1,0.001,0.001,TRADING,1,0.01,0.001
binance:OSMO/USDC,OSMO/USDC,OSMO,USDC,spot,1,1,0.001,0.001,TRADING,1,0.01,0.0001
binance:OSMO/USDT,OSMO/USDT,OSMO,USDT,spot,1,1,0.001,0.001,TRADING,1,0.01,0.0001
binance:OXT/BTC,OXT/BTC,OXT,BTC,spot,1,1,0.001,0.001,TRADING,1,1,0.00000001
binance:OXT/USDT,OXT/USDT,OXT,USDT,spot,1,1,0.001,0.001,TRADING,1,1,0.0001
binance:PARTI/BNB,PARTI/BNB,PARTI,BNB,spot,1,1,0.001,0.001,TRADING,1,0.1,0.00000001
binance:PARTI/FDUSD,PARTI/FDUSD,PARTI,FDUSD,spot,1,1,0.001,0.001,TRADING,1,0.1,0.0001
binance:PARTI/USDC,PARTI/USDC,PARTI,USDC,spot,1,1,0.001,0.001,TRADING,1,0.1,0.0001
binance:PARTI/USDT,PARTI/USDT,PARTI,USDT,spot,1,1,0.001,0.001,TRADING,1,0.1,0.0001
binance:PAXG/BTC,PAXG/BTC,PAXG,BTC,spot,1,1,0.001,0.001,TRADING,1,0.0001,0.00001
binance:PAXG/USDC,PAXG/USDC,PAXG,USDC,spot,1,1,0.001,0.001,TRADING,1,0.0001,0.01
binance:PAXG/USDT,PAXG/USDT,PAXG,USDT,spot,1,1,0.001,0.001,TRADING,1,0.0001,0.01
binance:PENDLE/BTC,PENDLE/BTC,PENDLE,BTC,spot,1,1,0.001,0.001,TRADING,1,0.1,0.00000001
binance:PENDLE/FDUSD,PENDLE/FDUSD,PENDLE,FDUSD,spot,1,1,0.001,0.001,TRADING,1,0.1,0.001
binance:PENDLE/USDC,PENDLE/USDC,PENDLE,USDC,spot,1,1,0.001,0.001,TRADING,1,0.1,0.001
binance:PENDLE/USDT,PENDLE/USDT,PENDLE,USDT,spot,1,1,0.001,0.001,TRADING,1,0.1,0.001
binance:PENGU/FDUSD,PENGU/FDUSD,PENGU,FDUSD,spot,1,1,0.001,0.001,TRADING,1,1,0.000001
binance:PENGU/USDC,PENGU/USDC,PENGU,USDC,spot,1,1,0.001,0.001,TRADING,1,1,0.000001
binance:PENGU/USDT,PENGU/USDT,PENGU,USDT,spot,1,1,0.001,0.001,TRADING,1,1,0.000001
binance:PEOPLE/BTC,PEOPLE/BTC,PEOPLE,BTC,spot,1,1,0.001,0.001,TRADING,1,0.1,0.00000001
binance:PEOPLE/FDUSD,PEOPLE/FDUSD,PEOPLE,FDUSD,spot,1,1,0.001,0.001,TRADING,1,0.1,0.00001
binance:PEOPLE/USDC,PEOPLE/USDC,PEOPLE,USDC,spot,1,1,0.001,0.001,TRADING,1,0.1,0.00001
binance:PEOPLE/USDT,PEOPLE/USDT,PEOPLE,USDT,spot,1,1,0.001,0.001,TRADING,1,0.1,0.00001
binance:PEPE/FDUSD,PEPE/FDUSD,PEPE,FDUSD,spot,1,1,0.001,0.001,TRADING,1,1,0.00000001
binance:PEPE/USDC,PEPE/USDC,PEPE,USDC,spot,1,1,0.001,0.001,TRADING,1,1,0.00000001
binance:PEPE/USDT,PEPE/USDT,PEPE,USDT,spot,1,1,0.001,0.001,TRADING,1,1,0.00000001
binance:PERP/USDT,PERP/USDT,PERP,USDT,spot,1,1,0.001,0.001,TRADING,1,0.01,0.0001
binance:PHA/BTC,PHA/BTC,PHA,BTC,spot,1,1,0.001,0.001,TRADING,1,1,0.00000001
binance:PHA/USDC,PHA/USDC,PHA,USDC,spot,1,1,0.001,0.001,TRADING,1,1,0.0001
binance:PHA/USDT,PHA/USDT,PHA,USDT,spot,1,1,0.001,0.001,TRADING,1,1,0.0001
binance:PHB/BTC,PHB/BTC,PHB,BTC,spot,1,1,0.001,0.001,TRADING,1,0.1,0.00000001
binance:PHB/USDT,PHB/USDT,PHB,USDT,spot,1,1,0.001,0.001,TRADING,1,0.1,0.001
binance:PIVX/BTC,PIVX/BTC,PIVX,BTC,spot,1,1,0.001,0.001,TRADING,1,1,0.00000001
binance:PIVX/USDT,PIVX/USDT,PIVX,USDT,spot,1,1,0.001,0.001,TRADING,1,1,0.0001
binance:PIXEL/USDC,PIXEL/USDC,PIXEL,USDC,spot,1,1,0.001,0.001,TRADING,1,0.1,0.00001
binance:PIXEL/USDT,PIXEL/USDT,PIXEL,USDT,spot,1,1,0.001,0.001,TRADING,1,0.1,0.00001
binance:PNUT/BTC,PNUT/BTC,PNUT,BTC,spot,1,1,0.001,0.001,TRADING,1,0.1,0.00000001
binance:PNUT/FDUSD,PNUT/FDUSD,PNUT,FDUSD,spot,1,1,0.001,0.001,TRADING,1,0.1,0.0001
binance:PNUT/USDC,PNUT/USDC,PNUT,USDC,spot,1,1,0.001,0.001,TRADING,1,0.1,0.0001
binance:PNUT/USDT,PNUT/USDT,PNUT,USDT,spot,1,1,0.001,0.001,TRADING,1,0.1,0.0001
binance:POL/BNB,POL/BNB,POL,BNB,spot,1,1,0.001,0.001,TRADING,1,0.1,0.0000001
binance:POL/BTC,POL/BTC,POL,BTC,spot,1,1,0.001,0.001,TRADING,1,0.1,0.00000001
binance:POL/ETH,POL/ETH,POL,ETH,spot,1,1,0.001,0.001,TRADING,1,0.1,0.0000001
binance:POL/FDUSD,POL/FDUSD,POL,FDUSD,spot,1,1,0.001,0.001,TRADING,1,0.1,0.0001
binance:POL/USDC,POL/USDC,POL,USDC,spot,1,1,0.001,0.001,TRADING,1,0.1,0.0001
binance:POL/USDT,POL/USDT,POL,USDT,spot,1,1,0.001,0.001,TRADING,1,0.1,0.0001
binance:POLYX/BTC,POLYX/BTC,POLYX,BTC,spot,1,1,0.001,0.001,TRADING,1,0.1,0.00000001
binance:POLYX/USDT,POLYX/USDT,POLYX,USDT,spot,1,1,0.001,0.001,TRADING,1,0.1,0.0001
binance:POND/USDT,POND/USDT,POND,USDT,spot,1,1,0.001,0.001,TRADING,1,1,0.00001
binance:PORTAL/BNB,PORTAL/BNB,PORTAL,BNB,spot,1,1,0.001,0.001,TRADING,1,0.1,0.0000001
binance:PORTAL/BTC,PORTAL/BTC,PORTAL,BTC,spot,1,1,0.001,0.001,TRADING,1,0.1,0.00000001
binance:PORTAL/FDUSD,PORTAL/FDUSD,PORTAL,FDUSD,spot,1,1,0.001,0.001,TRADING,1,0.1,0.0001
binance:PORTAL/USDT,PORTAL/USDT,PORTAL,USDT,spot,1,1,0.001,0.001,TRADING,1,0.1,0.0001
binance:PORTO/USDT,PORTO/USDT,PORTO,USDT,spot,1,1,0.001,0.001,TRADING,1,0.01,0.001
binance:POWR/BTC,POWR/BTC,POWR,BTC,spot,1,1,0.001,0.001,TRADING,1,1,0.00000001
binance:POWR/ETH,POWR/ETH,POWR,ETH,spot,1,1,0.001,0.001,TRADING,1,1,0.0000001
binance:POWR/USDT,POWR/USDT,POWR,USDT,spot,1,1,0.001,0.001,TRADING,1,1,0.0001
binance:PROM/USDT,PROM/USDT,PROM,USDT,spot,1,1,0.001,0.001,TRADING,1,0.01,0.001
binance:PROVE/BNB,PROVE/BNB,PROVE,BNB,spot,1,1,0.001,0.001,TRADING,1,0.1,0.00000001
binance:PROVE/FDUSD,PROVE/FDUSD,PROVE,FDUSD,spot,1,1,0.001,0.001,TRADING,1,0.1,0.0001
binance:PROVE/USDC,PROVE/USDC,PROVE,USDC,spot,1,1,0.001,0.001,TRADING,1,0.1,0.0001
binance:PROVE/USDT,PROVE/USDT,PROVE,USDT,spot,1,1,0.001,0.001,TRADING,1,0.1,0.0001
binance:PSG/USDT,PSG/USDT,PSG,USDT,spot,1,1,0.001,0.001,TRADING,1,0.01,0.001
binance:PUNDIX/USDC,PUNDIX/USDC,PUNDIX,USDC,spot,1,1,0.001,0.001,TRADING,1,0.1,0.0001
binance:PUNDIX/USDT,PUNDIX/USDT,PUNDIX,USDT,spot,1,1,0.001,0.001,TRADING,1,0.1,0.0001
binance:PYR/BTC,PYR/BTC,PYR,BTC,spot,1,1,0.001,0.001,TRADING,1,0.001,0.00000001
binance:PYR/USDT,PYR/USDT,PYR,USDT,spot,1,1,0.001,0.001,TRADING,1,0.001,0.001
binance:PYTH/BTC,PYTH/BTC,PYTH,BTC,spot,1,1,0.001,0.001,TRADING,1,0.1,0.00000001
binance:PYTH/FDUSD,PYTH/FDUSD,PYTH,FDUSD,spot,1,1,0.001,0.001,TRADING,1,0.1,0.0001
binance:PYTH/USDC,PYTH/USDC,PYTH,USDC,spot,1,1,0.001,0.001,TRADING,1,0.1,0.0001
binance:PYTH/USDT,PYTH/USDT,PYTH,USDT,spot,1,1,0.001,0.001,TRADING,1,0.1,0.0001
binance:QI/USDT,QI/USDT,QI,USDT,spot,1,1,0.001,0.001,TRADING,1,1,0.00001
binance:QKC/USDT,QKC/USDT,QKC,USDT,spot,1,1,0.001,0.001,TRADING,1,1,0.000001
binance:QNT/BTC,QNT/BTC,QNT,BTC,spot,1,1,0.001,0.001,TRADING,1,0.001,0.0000001
binance:QNT/USDC,QNT/USDC,QNT,USDC,spot,1,1,0.001,0.001,TRADING,1,0.001,0.01
binance:QNT/USDT,QNT/USDT,QNT,USDT,spot,1,1,0.001,0.001,TRADING,1,0.001,0.01
binance:QTUM/BTC,QTUM/BTC,QTUM,BTC,spot,1,1,0.001,0.001,TRADING,1,0.1,0.00000001
binance:QTUM/ETH,QTUM/ETH,QTUM,ETH,spot,1,1,0.001,0.001,TRADING,1,0.1,0.000001
binance:QTUM/USDT,QTUM/USDT,QTUM,USDT,spot,1,1,0.001,0.001,TRADING,1,0.1,0.001
binance:QUICK/USDT,QUICK/USDT,QUICK,USDT,spot,1,1,0.001,0.001,TRADING,1,1,0.00001
binance:RAD/USDT,RAD/USDT,RAD,USDT,spot,1,1,0.001,0.001,TRADING,1,0.1,0.001
binance:RARE/BTC,RARE/BTC,RARE,BTC,spot,1,1,0.001,0.001,TRADING,1,0.1,0.00000001
binance:RARE/USDC,RARE/USDC,RARE,USDC,spot,1,1,0.001,0.001,TRADING,1,0.1,0.0001
binance:RARE/USDT,RARE/USDT,RARE,USDT,spot,1,1,0.001,0.001,TRADING,1,0.1,0.0001
binance:RAY/FDUSD,RAY/FDUSD,RAY,FDUSD,spot,1,1,0.001,0.001,TRADING,1,0.1,0.001
binance:RAY/USDC,RAY/USDC,RAY,USDC,spot,1,1,0.001,0.001,TRADING,1,0.1,0.001
binance:RAY/USDT,RAY/USDT,RAY,USDT,spot,1,1,0.001,0.001,TRADING,1,0.1,0.001
binance:RDNT/USDT,RDNT/USDT,RDNT,USDT,spot,1,1,0.001,0.001,TRADING,1,1,0.00001
binance:RED/BTC,RED/BTC,RED,BTC,spot,1,1,0.001,0.001,TRADING,1,0.1,0.00000001
binance:RED/FDUSD,RED/FDUSD,RED,FDUSD,spot,1,1,0.001,0.001,TRADING,1,0.1,0.0001
binance:RED/USDC,RED/USDC,RED,USDC,spot,1,1,0.001,0.001,TRADING,1,0.1,0.0001
binance:RED/USDT,RED/USDT,RED,USDT,spot,1,1,0.001,0.001,TRADING,1,0.1,0.0001
binance:REI/USDT,REI/USDT,REI,USDT,spot,1,1,0.001,0.001,TRADING,1,0.1,0.00001
binance:RENDER/BTC,RENDER/BTC,RENDER,BTC,spot,1,1,0.001,0.001,TRADING,1,0.01,0.00000001
binance:RENDER/FDUSD,RENDER/FDUSD,RENDER,FDUSD,spot,1,1,0.001,0.001,TRADING,1,0.01,0.001
binance:RENDER/USDC,RENDER/USDC,RENDER,USDC,spot,1,1,0.001,0.001,TRADING,1,0.01,0.001
binance:RENDER/USDT,RENDER/USDT,RENDER,USDT,spot,1,1,0.001,0.001,TRADING,1,0.01,0.001
binance:REQ/BTC,REQ/BTC,REQ,BTC,spot,1,1,0.001,0.001,TRADING,1,1,0.00000001
binance:REQ/USDT,REQ/USDT,REQ,USDT,spot,1,1,0.001,0.001,TRADING,1,1,0.0001
binance:RESOLV/BNB,RESOLV/BNB,RESOLV,BNB,spot,1,1,0.001,0.001,TRADING,1,0.1,0.0000001
binance:RESOLV/FDUSD,RESOLV/FDUSD,RESOLV,FDUSD,spot,1,1,0.001,0.001,TRADING,1,0.1,0.0001
binance:RESOLV/USDC,RESOLV/USDC,RESOLV,USDC,spot,1,1,0.001,0.001,TRADING,1,0.1,0.0001
binance:RESOLV/USDT,RESOLV/USDT,RESOLV,USDT,spot,1,1,0.001,0.001,TRADING,1,0.1,0.0001
binance:REZ/USDC,REZ/USDC,REZ,USDC,spot,1,1,0.001,0.001,TRADING,1,0.1,0.00001
binance:REZ/USDT,REZ/USDT,REZ,USDT,spot,1,1,0.001,0.001,TRADING,1,0.1,0.00001
binance:RIF/BTC,RIF/BTC,RIF,BTC,spot,1,1,0.001,0.001,TRADING,1,1,0.00000001
binance:RIF/USDT,RIF/USDT,RIF,USDT,spot,1,1,0.001,0.001,TRADING,1,1,0.0001
binance:RLC/BTC,RLC/BTC,RLC,BTC,spot,1,1,0.001,0.001,TRADING,1,0.1,0.00000001
binance:RLC/ETH,RLC/ETH,RLC,ETH,spot,1,1,0.001,0.001,TRADING,1,0.1,0.0000001
binance:RLC/USDT,RLC/USDT,RLC,USDT,spot,1,1,0.001,0.001,TRADING,1,0.1,0.001
binance:RONIN/BTC,RONIN/BTC,RONIN,BTC,spot,1,1,0.001,0.001,TRADING,1,0.01,0.00000001
binance:RONIN/FDUSD,RONIN/FDUSD,RONIN,FDUSD,spot,1,1,0.001,0.001,TRADING,1,0.01,0.001
binance:RONIN/USDT,RONIN/USDT,RONIN,USDT,spot,1,1,0.001,0.001,TRADING,1,0.01,0.001
binance:ROSE/BTC,ROSE/BTC,ROSE,BTC,spot,1,1,0.001,0.001,TRADING,1,1,0.00000001
binance:ROSE/USDC,ROSE/USDC,ROSE,USDC,spot,1,1,0.001,0.001,TRADING,1,0.1,0.00001
binance:ROSE/USDT,ROSE/USDT,ROSE,USDT,spot,1,1,0.001,0.001,TRADING,1,0.1,0.00001
binance:RPL/USDC,RPL/USDC,RPL,USDC,spot,1,1,0.001,0.001,TRADING,1,0.01,0.01
binance:RPL/USDT,RPL/USDT,RPL,USDT,spot,1,1,0.001,0.001,TRADING,1,0.01,0.01
binance:RSR/USDC,RSR/USDC,RSR,USDC,spot,1,1,0.001,0.001,TRADING,1,0.1,0.000001
binance:RSR/USDT,RSR/USDT,RSR,USDT,spot,1,1,0.001,0.001,TRADING,1,0.1,0.000001
binance:RUNE/BTC,RUNE/BTC,RUNE,BTC,spot,1,1,0.001,0.001,TRADING,1,0.1,0.00000001
binance:RUNE/ETH,RUNE/ETH,RUNE,ETH,spot,1,1,0.001,0.001,TRADING,1,0.001,0.0000001
binance:RUNE/FDUSD,RUNE/FDUSD,RUNE,FDUSD,spot,1,1,0.001,0.001,TRADING,1,0.1,0.001
binance:RUNE/USDC,RUNE/USDC,RUNE,USDC,spot,1,1,0.001,0.001,TRADING,1,0.1,0.001
binance:RUNE/USDT,RUNE/USDT,RUNE,USDT,spot,1,1,0.001,0.001,TRADING,1,0.1,0.001
binance:RVN/BTC,RVN/BTC,RVN,BTC,spot,1,1,0.001,0.001,TRADING,1,1,0.00000001
binance:RVN/USDC,RVN/USDC,RVN,USDC,spot,1,1,0.001,0.001,TRADING,1,0.1,0.00001
binance:RVN/USDT,RVN/USDT,RVN,USDT,spot,1,1,0.001,0.001,TRADING,1,0.1,0.00001
binance:S/BNB,S/BNB,S,BNB,spot,1,1,0.001,0.001,TRADING,1,0.1,0.000001
binance:S/BTC,S/BTC,S,BTC,spot,1,1,0.001,0.001,TRADING,1,0.1,0.00000001
binance:S/ETH,S/ETH,S,ETH,spot,1,1,0.001,0.001,TRADING,1,0.1,0.0000001
binance:S/FDUSD,S/FDUSD,S,FDUSD,spot,1,1,0.001,0.001,TRADING,1,0.1,0.0001
binance:S/USDC,S/USDC,S,USDC,spot,1,1,0.001,0.001,TRADING,1,0.1,0.0001
binance:S/USDT,S/USDT,S,USDT,spot,1,1,0.001,0.001,TRADING,1,0.1,0.0001
binance:SAGA/BNB,SAGA/BNB,SAGA,BNB,spot,1,1,0.001,0.001,TRADING,1,0.1,0.000001
binance:SAGA/BTC,SAGA/BTC,SAGA,BTC,spot,1,1,0.001,0.001,TRADING,1,0.1,0.00000001
binance:SAGA/FDUSD,SAGA/FDUSD,SAGA,FDUSD,spot,1,1,0.001,0.001,TRADING,1,0.1,0.0001
binance:SAGA/USDC,SAGA/USDC,SAGA,USDC,spot,1,1,0.001,0.001,TRADING,1,0.1,0.0001
binance:SAGA/USDT,SAGA/USDT,SAGA,USDT,spot,1,1,0.001,0.001,TRADING,1,0.1,0.0001
binance:SAHARA/BNB,SAHARA/BNB,SAHARA,BNB,spot,1,1,0.001,0.001,TRADING,1,1,0.00000001
binance:SAHARA/FDUSD,SAHARA/FDUSD,SAHARA,FDUSD,spot,1,1,0.001,0.001,TRADING,1,1,0.00001
binance:SAHARA/USDC,SAHARA/USDC,SAHARA,USDC,spot,1,1,0.001,0.001,TRADING,1,1,0.00001
binance:SAHARA/USDT,SAHARA/USDT,SAHARA,USDT,spot,1,1,0.001,0.001,TRADING,1,1,0.00001
binance:SAND/BTC,SAND/BTC,SAND,BTC,spot,1,1,0.001,0.001,TRADING,1,1,0.00000001
binance:SAND/FDUSD,SAND/FDUSD,SAND,FDUSD,spot,1,1,0.001,0.001,TRADING,1,1,0.0001
binance:SAND/USDC,SAND/USDC,SAND,USDC,spot,1,1,0.001,0.001,TRADING,1,1,0.0001
binance:SAND/USDT,SAND/USDT,SAND,USDT,spot,1,1,0.001,0.001,TRADING,1,1,0.0001
binance:SANTOS/BTC,SANTOS/BTC,SANTOS,BTC,spot,1,1,0.001,0.001,TRADING,1,0.01,0.00000001
binance:SANTOS/USDT,SANTOS/USDT,SANTOS,USDT,spot,1,1,0.001,0.001,TRADING,1,0.01,0.001
binance:SC/ETH,SC/ETH,SC,ETH,spot,1,1,0.001,0.001,TRADING,1,1,0.00000001
binance:SC/USDT,SC/USDT,SC,USDT,spot,1,1,0.001,0.001,TRADING,1,1,0.000001
binance:SCR/BTC,SCR/BTC,SCR,BTC,spot,1,1,0.001,0.001,TRADING,1,0.1,0.00000001
binance:SCR/FDUSD,SCR/FDUSD,SCR,FDUSD,spot,1,1,0.001,0.001,TRADING,1,0.1,0.001
binance:SCR/USDT,SCR/USDT,SCR,USDT,spot,1,1,0.001,0.001,TRADING,1,0.1,0.001
binance:SCRT/BTC,SCRT/BTC,SCRT,BTC,spot,1,1,0.001,0.001,TRADING,1,0.1,0.00000001
binance:SCRT/USDT,SCRT/USDT,SCRT,USDT,spot,1,1,0.001,0.001,TRADING,1,0.1,0.0001
binance:SEI/BNB,SEI/BNB,SEI,BNB,spot,1,1,0.001,0.001,TRADING,1,0.1,0.0000001
binance:SEI/BTC,SEI/BTC,SEI,BTC,spot,1,1,0.001,0.001,TRADING,1,0.1,0.00000001
binance:SEI/FDUSD,SEI/FDUSD,SEI,FDUSD,spot,1,1,0.001,0.001,TRADING,1,0.1,0.0001
binance:SEI/USDC,SEI/USDC,SEI,USDC,spot,1,1,0.001,0.001,TRADING,1,0.1,0.0001
binance:SEI/USDT,SEI/USDT,SEI,USDT,spot,1,1,0.001,0.001,TRADING,1,0.1,0.0001
binance:SFP/BTC,SFP/BTC,SFP,BTC,spot,1,1,0.001,0.001,TRADING,1,1,0.00000001
binance:SFP/USDT,SFP/USDT,SFP,USDT,spot,1,1,0.001,0.001,TRADING,1,1,0.0001
binance:SHELL/BNB,SHELL/BNB,SHELL,BNB,spot,1,1,0.001,0.001,TRADING,1,0.1,0.0000001
binance:SHELL/BTC,SHELL/BTC,SHELL,BTC,spot,1,1,0.001,0.001,TRADING,1,0.1,0.00000001
binance:SHELL/FDUSD,SHELL/FDUSD,SHELL,FDUSD,spot,1,1,0.001,0.001,TRADING,1,0.1,0.0001
binance:SHELL/USDC,SHELL/USDC,SHELL,USDC,spot,1,1,0.001,0.001,TRADING,1,0.1,0.0001
binance:SHELL/USDT,SHELL/USDT,SHELL,USDT,spot,1,1,0.001,0.001,TRADING,1,0.1,0.0001
binance:SHIB/DOGE,SHIB/DOGE,SHIB,DOGE,spot,1,1,0.001,0.001,TRADING,1,1,0.0000001
binance:SHIB/FDUSD,SHIB/FDUSD,SHIB,FDUSD,spot,1,1,0.001,0.001,TRADING,1,1,0.00000001
binance:SHIB/USDC,SHIB/USDC,SHIB,USDC,spot,1,1,0.001,0.001,TRADING,1,1,0.00000001
binance:SHIB/USDT,SHIB/USDT,SHIB,USDT,spot,1,1,0.001,0.001,TRADING,1,1,0.00000001
binance:SIGN/BNB,SIGN/BNB,SIGN,BNB,spot,1,1,0.001,0.001,TRADING,1,1,0.00000001
binance:SIGN/FDUSD,SIGN/FDUSD,SIGN,FDUSD,spot,1,1,0.001,0.001,TRADING,1,1,0.00001
binance:SIGN/USDC,SIGN/USDC,SIGN,USDC,spot,1,1,0.001,0.001,TRADING,1,1,0.00001
binance:SIGN/USDT,SIGN/USDT,SIGN,USDT,spot,1,1,0.001,0.001,TRADING,1,1,0.00001
binance:SKL/BTC,SKL/BTC,SKL,BTC,spot,1,1,0.001,0.001,TRADING,1,1,0.00000001
binance:SKL/USDT,SKL/USDT,SKL,USDT,spot,1,1,0.001,0.001,TRADING,1,1,0.00001
binance:SLF/BTC,SLF/BTC,SLF,BTC,spot,1,1,0.001,0.001,TRADING,1,0.1,0.00000001
binance:SLF/USDC,SLF/USDC,SLF,USDC,spot,1,1,0.001,0.001,TRADING,1,0.1,0.0001
binance:SLF/USDT,SLF/USDT,SLF,USDT,spot,1,1,0.001,0.001,TRADING,1,0.1,0.0001
binance:SLP/ETH,SLP/ETH,SLP,ETH,spot,1,1,0.001,0.001,TRADING,1,1,0.00000001
binance:SLP/USDT,SLP/USDT,SLP,USDT,spot,1,1,0.001,0.001,TRADING,1,1,0.000001
binance:SNX/BTC,SNX/BTC,SNX,BTC,spot,1,1,0.001,0.001,TRADING,1,0.1,0.00000001
binance:SNX/USDT,SNX/USDT,SNX,USDT,spot,1,1,0.001,0.001,TRADING,1,0.1,0.001
binance:SOL/BNB,SOL/BNB,SOL,BNB,spot,1,1,0.001,0.001,TRADING,1,0.001,0.0001
binance:SOL/BTC,SOL/BTC,SOL,BTC,spot,1,1,0.001,0.001,TRADING,1,0.001,0.0000001
binance:SOL/ETH,SOL/ETH,SOL,ETH,spot,1,1,0.001,0.001,TRADING,1,0.001,0.00001
binance:SOL/FDUSD,SOL/FDUSD,SOL,FDUSD,spot,1,1,0.001,0.001,TRADING,1,0.001,0.01
binance:SOL/TUSD,SOL/TUSD,SOL,TUSD,spot,1,1,0.001,0.001,TRADING,1,0.001,0.01
binance:SOL/USDC,SOL/USDC,SOL,USDC,spot,1,1,0.001,0.001,TRADING,1,0.001,0.01
binance:SOL/USDT,SOL/USDT,SOL,USDT,spot,1,1,0.001,0.001,TRADING,1,0.001,0.01
binance:SOLV/BNB,SOLV/BNB,SOLV,BNB,spot,1,1,0.001,0.001,TRADING,1,1,0.00000001
binance:SOLV/FDUSD,SOLV/FDUSD,SOLV,FDUSD,spot,1,1,0.001,0.001,TRADING,1,1,0.00001
binance:SOLV/USDT,SOLV/USDT,SOLV,USDT,spot,1,1,0.001,0.001,TRADING,1,1,0.00001
binance:SOPH/BNB,SOPH/BNB,SOPH,BNB,spot,1,1,0.001,0.001,TRADING,1,1,0.00000001
binance:SOPH/FDUSD,SOPH/FDUSD,SOPH,FDUSD,spot,1,1,0.001,0.001,TRADING,1,1,0.00001
binance:SOPH/USDC,SOPH/USDC,SOPH,USDC,spot,1,1,0.001,0.001,TRADING,1,1,0.00001
binance:SOPH/USDT,SOPH/USDT,SOPH,USDT,spot,1,1,0.001,0.001,TRADING,1,1,0.00001
binance:SPELL/USDT,SPELL/USDT,SPELL,USDT,spot,1,1,0.001,0.001,TRADING,1,1,0.0000001
binance:SPK/BNB,SPK/BNB,SPK,BNB,spot,1,1,0.001,0.001,TRADING,1,1,0.00000001
binance:SPK/FDUSD,SPK/FDUSD,SPK,FDUSD,spot,1,1,0.001,0.001,TRADING,1,1,0.000001
binance:SPK/USDC,SPK/USDC,SPK,USDC,spot,1,1,0.001,0.001,TRADING,1,1,0.000001
binance:SPK/USDT,SPK/USDT,SPK,USDT,spot,1,1,0.001,0.001,TRADING,1,1,0.000001
binance:SSV/BTC,SSV/BTC,SSV,BTC,spot,1,1,0.001,0.001,TRADING,1,0.01,0.0000001
binance:SSV/ETH,SSV/ETH,SSV,ETH,spot,1,1,0.001,0.001,TRADING,1,0.01,0.000001
binance:SSV/USDT,SSV/USDT,SSV,USDT,spot,1,1,0.001,0.001,TRADING,1,0.001,0.01
binance:STEEM/BTC,STEEM/BTC,STEEM,BTC,spot,1,1,0.001,0.001,TRADING,1,1,0.00000001
binance:STEEM/ETH,STEEM/ETH,STEEM,ETH,spot,1,1,0.001,0.001,TRADING,1,1,0.0000001
binance:STEEM/USDC,STEEM/USDC,STEEM,USDC,spot,1,1,0.001,0.001,TRADING,1,0.1,0.0001
binance:STEEM/USDT,STEEM/USDT,STEEM,USDT,spot,1,1,0.001,0.001,TRADING,1,0.1,0.0001
binance:STG/BTC,STG/BTC,STG,BTC,spot,1,1,0.001,0.001,TRADING,1,0.1,0.00000001
binance:STG/USDT,STG/USDT,STG,USDT,spot,1,1,0.001,0.001,TRADING,1,0.1,0.0001
binance:STO/FDUSD,STO/FDUSD,STO,FDUSD,spot,1,1,0.001,0.001,TRADING,1,0.1,0.0001
binance:STO/USDC,STO/USDC,STO,USDC,spot,1,1,0.001,0.001,TRADING,1,0.1,0.0001
binance:STO/USDT,STO/USDT,STO,USDT,spot,1,1,0.001,0.001,TRADING,1,0.1,0.0001
binance:STORJ/BTC,STORJ/BTC,STORJ,BTC,spot,1,1,0.001,0.001,TRADING,1,1,0.00000001
binance:STORJ/USDT,STORJ/USDT,STORJ,USDT,spot,1,1,0.001,0.001,TRADING,1,1,0.0001
binance:STRAX/BTC,STRAX/BTC,STRAX,BTC,spot,1,1,0.001,0.001,TRADING,1,1,0.00000001
binance:STRAX/USDT,STRAX/USDT,STRAX,USDT,spot,1,1,0.001,0.001,TRADING,1,1,0.00001
binance:STRK/FDUSD,STRK/FDUSD,STRK,FDUSD,spot,1,1,0.001,0.001,TRADING,1,0.01,0.0001
binance:STRK/USDC,STRK/USDC,STRK,USDC,spot,1,1,0.001,0.001,TRADING,1,0.01,0.0001
binance:STRK/USDT,STRK/USDT,STRK,USDT,spot,1,1,0.001,0.001,TRADING,1,0.01,0.0001
binance:STX/BTC,STX/BTC,STX,BTC,spot,1,1,0.001,0.001,TRADING,1,0.1,0.00000001
binance:STX/FDUSD,STX/FDUSD,STX,FDUSD,spot,1,1,0.001,0.001,TRADING,1,0.1,0.001
binance:STX/USDC,STX/USDC,STX,USDC,spot,1,1,0.001,0.001,TRADING,1,0.1,0.001
binance:STX/USDT,STX/USDT,STX,USDT,spot,1,1,0.001,0.001,TRADING,1,0.1,0.001
binance:SUI/BNB,SUI/BNB,SUI,BNB,spot,1,1,0.001,0.001,TRADING,1,0.1,0.000001
binance:SUI/BTC,SUI/BTC,SUI,BTC,spot,1,1,0.001,0.001,TRADING,1,0.1,0.00000001
binance:SUI/FDUSD,SUI/FDUSD,SUI,FDUSD,spot,1,1,0.001,0.001,TRADING,1,0.1,0.0001
binance:SUI/USDC,SUI/USDC,SUI,USDC,spot,1,1,0.001,0.001,TRADING,1,0.1,0.0001
binance:SUI/USDT,SUI/USDT,SUI,USDT,spot,1,1,0.001,0.001,TRADING,1,0.1,0.0001
binance:SUN/USDT,SUN/USDT,SUN,USDT,spot,1,1,0.001,0.001,TRADING,1,1,0.00001
binance:SUPER/BTC,SUPER/BTC,SUPER,BTC,spot,1,1,0.001,0.001,TRADING,1,1,0.00000001
binance:SUPER/USDT,SUPER/USDT,SUPER,USDT,spot,1,1,0.001,0.001,TRADING,1,1,0.0001
binance:SUSHI/BTC,SUSHI/BTC,SUSHI,BTC,spot,1,1,0.001,0.001,TRADING,1,0.1,0.00000001
binance:SUSHI/USDC,SUSHI/USDC,SUSHI,USDC,spot,1,1,0.001,0.001,TRADING,1,0.1,0.001
binance:SUSHI/USDT,SUSHI/USDT,SUSHI,USDT,spot,1,1,0.001,0.001,TRADING,1,0.1,0.001
binance:SXP/BTC,SXP/BTC,SXP,BTC,spot,1,1,0.001,0.001,TRADING,1,0.1,0.00000001
binance:SXP/USDT,SXP/USDT,SXP,USDT,spot,1,1,0.001,0.001,TRADING,1,0.1,0.0001
binance:SXT/BNB,SXT/BNB,SXT,BNB,spot,1,1,0.001,0.001,TRADING,1,0.1,0.00000001
binance:SXT/FDUSD,SXT/FDUSD,SXT,FDUSD,spot,1,1,0.001,0.001,TRADING,1,0.1,0.0001
binance:SXT/USDC,SXT/USDC,SXT,USDC,spot,1,1,0.001,0.001,TRADING,1,0.1,0.0001
binance:SXT/USDT,SXT/USDT,SXT,USDT,spot,1,1,0.001,0.001,TRADING,1,0.1,0.0001
binance:SYN/USDC,SYN/USDC,SYN,USDC,spot,1,1,0.001,0.001,TRADING,1,0.1,0.0001
binance:SYN/USDT,SYN/USDT,SYN,USDT,spot,1,1,0.001,0.001,TRADING,1,0.1,0.0001
binance:SYRUP/USDC,SYRUP/USDC,SYRUP,USDC,spot,1,1,0.001,0.001,TRADING,1,0.1,0.0001
binance:SYRUP/USDT,SYRUP/USDT,SYRUP,USDT,spot,1,1,0.001,0.001,TRADING,1,0.1,0.0001
binance:SYS/BTC,SYS/BTC,SYS,BTC,spot,1,1,0.001,0.001,TRADING,1,1,0.00000001
binance:SYS/USDT,SYS/USDT,SYS,USDT,spot,1,1,0.001,0.001,TRADING,1,1,0.00001
binance:T/USDC,T/USDC,T,USDC,spot,1,1,0.001,0.001,TRADING,1,0.1,0.00001
binance:T/USDT,T/USDT,T,USDT,spot,1,1,0.001,0.001,TRADING,1,0.1,0.00001
binance:TAO/BTC,TAO/BTC,TAO,BTC,spot,1,1,0.001,0.001,TRADING,1,0.0001,0.000001
binance:TAO/FDUSD,TAO/FDUSD,TAO,FDUSD,spot,1,1,0.001,0.001,TRADING,1,0.0001,0.1
binance:TAO/USDC,TAO/USDC,TAO,USDC,spot,1,1,0.001,0.001,TRADING,1,0.0001,0.1
binance:TAO/USDT,TAO/USDT,TAO,USDT,spot,1,1,0.001,0.001,TRADING,1,0.0001,0.1
binance:TFUEL/BTC,TFUEL/BTC,TFUEL,BTC,spot,1,1,0.001,0.001,TRADING,1,1,0.00000001
binance:TFUEL/USDT,TFUEL/USDT,TFUEL,USDT,spot,1,1,0.001,0.001,TRADING,1,1,0.00001
binance:THE/FDUSD,THE/FDUSD,THE,FDUSD,spot,1,1,0.001,0.001,TRADING,1,0.1,0.0001
binance:THE/USDC,THE/USDC,THE,USDC,spot,1,1,0.001,0.001,TRADING,1,0.1,0.0001
binance:THE/USDT,THE/USDT,THE,USDT,spot,1,1,0.001,0.001,TRADING,1,0.1,0.0001
binance:THETA/BTC,THETA/BTC,THETA,BTC,spot,1,1,0.001,0.001,TRADING,1,0.1,0.00000001
binance:THETA/USDC,THETA/USDC,THETA,USDC,spot,1,1,0.001,0.001,TRADING,1,0.1,0.001
binance:THETA/USDT,THETA/USDT,THETA,USDT,spot,1,1,0.001,0.001,TRADING,1,0.1,0.001
binance:TIA/BTC,TIA/BTC,TIA,BTC,spot,1,1,0.001,0.001,TRADING,1,0.01,0.0000001
binance:TIA/FDUSD,TIA/FDUSD,TIA,FDUSD,spot,1,1,0.001,0.001,TRADING,1,0.01,0.001
binance:TIA/USDC,TIA/USDC,TIA,USDC,spot,1,1,0.001,0.001,TRADING,1,0.01,0.001
binance:TIA/USDT,TIA/USDT,TIA,USDT,spot,1,1,0.001,0.001,TRADING,1,0.01,0.001
binance:TKO/USDT,TKO/USDT,TKO,USDT,spot,1,1,0.001,0.001,TRADING,1,0.1,0.0001
binance:TLM/USDC,TLM/USDC,TLM,USDC,spot,1,1,0.001,0.001,TRADING,1,1,0.00001
binance:TLM/USDT,TLM/USDT,TLM,USDT,spot,1,1,0.001,0.001,TRADING,1,1,0.00001
binance:TNSR/USDC,TNSR/USDC,TNSR,USDC,spot,1,1,0.001,0.001,TRADING,1,0.1,0.0001
binance:TNSR/USDT,TNSR/USDT,TNSR,USDT,spot,1,1,0.001,0.001,TRADING,1,0.1,0.0001
binance:TON/BTC,TON/BTC,TON,BTC,spot,1,1,0.001,0.001,TRADING,1,0.01,0.00000001
binance:TON/FDUSD,TON/FDUSD,TON,FDUSD,spot,1,1,0.001,0.001,TRADING,1,0.01,0.001
binance:TON/USDC,TON/USDC,TON,USDC,spot,1,1,0.001,0.001,TRADING,1,0.01,0.001
binance:TON/USDT,TON/USDT,TON,USDT,spot,1,1,0.001,0.001,TRADING,1,0.01,0.001
binance:TOWNS/BNB,TOWNS/BNB,TOWNS,BNB,spot,1,1,0.001,0.001,TRADING,1,1,0.00000001
binance:TOWNS/FDUSD,TOWNS/FDUSD,TOWNS,FDUSD,spot,1,1,0.001,0.001,TRADING,1,1,0.00001
binance:TOWNS/USDC,TOWNS/USDC,TOWNS,USDC,spot,1,1,0.001,0.001,TRADING,1,1,0.00001
binance:TOWNS/USDT,TOWNS/USDT,TOWNS,USDT,spot,1,1,0.001,0.001,TRADING,1,1,0.00001
binance:TRB/BTC,TRB/BTC,TRB,BTC,spot,1,1,0.001,0.001,TRADING,1,0.001,0.000001
binance:TRB/USDC,TRB/USDC,TRB,USDC,spot,1,1,0.001,0.001,TRADING,1,0.001,0.01
binance:TRB/USDT,TRB/USDT,TRB,USDT,spot,1,1,0.001,0.001,TRADING,1,0.001,0.01
binance:TREE/BNB,TREE/BNB,TREE,BNB,spot,1,1,0.001,0.001,TRADING,1,0.1,0.0000001
binance:TREE/FDUSD,TREE/FDUSD,TREE,FDUSD,spot,1,1,0.001,0.001,TRADING,1,0.1,0.0001
binance:TREE/USDC,TREE/USDC,TREE,USDC,spot,1,1,0.001,0.001,TRADING,1,0.1,0.0001
binance:TREE/USDT,TREE/USDT,TREE,USDT,spot,1,1,0.001,0.001,TRADING,1,0.1,0.0001
binance:TRU/USDT,TRU/USDT,TRU,USDT,spot,1,1,0.001,0.001,TRADING,1,1,0.0001
binance:TRUMP/FDUSD,TRUMP/FDUSD,TRUMP,FDUSD,spot,1,1,0.001,0.001,TRADING,1,0.001,0.01
binance:TRUMP/USDC,TRUMP/USDC,TRUMP,USDC,spot,1,1,0.001,0.001,TRADING,1,0.001,0.01
binance:TRUMP/USDT,TRUMP/USDT,TRUMP,USDT,spot,1,1,0.001,0.001,TRADING,1,0.001,0.01
binance:TRX/BNB,TRX/BNB,TRX,BNB,spot,1,1,0.001,0.001,TRADING,1,1,0.0000001
binance:TRX/BTC,TRX/BTC,TRX,BTC,spot,1,1,0.001,0.001,TRADING,1,1,0.00000001
binance:TRX/ETH,TRX/ETH,TRX,ETH,spot,1,1,0.001,0.001,TRADING,1,1,0.00000001
binance:TRX/FDUSD,TRX/FDUSD,TRX,FDUSD,spot,1,1,0.001,0.001,TRADING,1,0.1,0.0001
binance:TRX/USDC,TRX/USDC,TRX,USDC,spot,1,1,0.001,0.001,TRADING,1,0.1,0.0001
binance:TRX/USDT,TRX/USDT,TRX,USDT,spot,1,1,0.001,0.001,TRADING,1,0.1,0.0001
binance:TRX/XRP,TRX/XRP,TRX,XRP,spot,1,1,0.001,0.001,TRADING,1,0.1,0.0001
binance:TST/USDC,TST/USDC,TST,USDC,spot,1,1,0.001,0.001,TRADING,1,0.1,0.00001
binance:TST/USDT,TST/USDT,TST,USDT,spot,1,1,0.001,0.001,TRADING,1,0.1,0.00001
binance:TURBO/USDC,TURBO/USDC,TURBO,USDC,spot,1,1,0.001,0.001,TRADING,1,1,0.000001
binance:TURBO/USDT,TURBO/USDT,TURBO,USDT,spot,1,1,0.001,0.001,TRADING,1,1,0.000001
binance:TUSD/USDT,TUSD/USDT,TUSD,USDT,spot,1,1,0.001,0.001,TRADING,1,1,0.0001
binance:TUT/USDC,TUT/USDC,TUT,USDC,spot,1,1,0.001,0.001,TRADING,1,1,0.00001
binance:TUT/USDT,TUT/USDT,TUT,USDT,spot,1,1,0.001,0.001,TRADING,1,1,0.00001
binance:TWT/USDT,TWT/USDT,TWT,USDT,spot,1,1,0.001,0.001,TRADING,1,1,0.0001
binance:UMA/BTC,UMA/BTC,UMA,BTC,spot,1,1,0.001,0.001,TRADING,1,0.1,0.00000001
binance:UMA/USDT,UMA/USDT,UMA,USDT,spot,1,1,0.001,0.001,TRADING,1,0.1,0.001
binance:UNI/BTC,UNI/BTC,UNI,BTC,spot,1,1,0.001,0.001,TRADING,1,0.01,0.0000001
binance:UNI/ETH,UNI/ETH,UNI,ETH,spot,1,1,0.001,0.001,TRADING,1,0.001,0.000001
binance:UNI/FDUSD,UNI/FDUSD,UNI,FDUSD,spot,1,1,0.001,0.001,TRADING,1,0.01,0.001
binance:UNI/USDC,UNI/USDC,UNI,USDC,spot,1,1,0.001,0.001,TRADING,1,0.01,0.001
binance:UNI/USDT,UNI/USDT,UNI,USDT,spot,1,1,0.001,0.001,TRADING,1,0.01,0.001
binance:USD1/USDT,USD1/USDT,USD1,USDT,spot,1,1,0.001,0.001,TRADING,1,1,0.0001
binance:USDC/USDT,USDC/USDT,USDC,USDT,spot,1,1,0.001,0.001,TRADING,1,1,0.0001
binance:USDP/USDT,USDP/USDT,USDP,USDT,spot,1,1,0.001,0.001,TRADING,1,1,0.0001
binance:USDT/DAI,USDT/DAI,USDT,DAI,spot,1,1,0.001,0.001,TRADING,1,0.1,0.0001
binance:USTC/USDT,USTC/USDT,USTC,USDT,spot,1,1,0.001,0.001,TRADING,1,1,0.00001
binance:USUAL/BTC,USUAL/BTC,USUAL,BTC,spot,1,1,0.001,0.001,TRADING,1,0.1,0.00000001
binance:USUAL/FDUSD,USUAL/FDUSD,USUAL,FDUSD,spot,1,1,0.001,0.001,TRADING,1,0.1,0.0001
binance:USUAL/USDC,USUAL/USDC,USUAL,USDC,spot,1,1,0.001,0.001,TRADING,1,0.1,0.0001
binance:USUAL/USDT,USUAL/USDT,USUAL,USDT,spot,1,1,0.001,0.001,TRADING,1,0.1,0.0001
binance:UTK/USDC,UTK/USDC,UTK,USDC,spot,1,1,0.001,0.001,TRADING,1,1,0.00001
binance:UTK/USDT,UTK/USDT,UTK,USDT,spot,1,1,0.001,0.001,TRADING,1,1,0.00001
binance:VANA/FDUSD,VANA/FDUSD,VANA,FDUSD,spot,1,1,0.001,0.001,TRADING,1,0.01,0.001
binance:VANA/USDC,VANA/USDC,VANA,USDC,spot,1,1,0.001,0.001,TRADING,1,0.01,0.001
binance:VANA/USDT,VANA/USDT,VANA,USDT,spot,1,1,0.001,0.001,TRADING,1,0.01,0.001
binance:VANRY/USDC,VANRY/USDC,VANRY,USDC,spot,1,1,0.001,0.001,TRADING,1,1,0.0001
binance:VANRY/USDT,VANRY/USDT,VANRY,USDT,spot,1,1,0.001,0.001,TRADING,1,1,0.0001
binance:VELODROME/USDC,VELODROME/USDC,VELODROME,USDC,spot,1,1,0.001,0.001,TRADING,1,0.1,0.0001
binance:VELODROME/USDT,VELODROME/USDT,VELODROME,USDT,spot,1,1,0.001,0.001,TRADING,1,0.1,0.0001
binance:VET/BNB,VET/BNB,VET,BNB,spot,1,1,0.001,0.001,TRADING,1,1,0.00000001
binance:VET/BTC,VET/BTC,VET,BTC,spot,1,1,0.001,0.001,TRADING,1,1,0.00000001
binance:VET/ETH,VET/ETH,VET,ETH,spot,1,1,0.001,0.001,TRADING,1,1,0.00000001
binance:VET/USDC,VET/USDC,VET,USDC,spot,1,1,0.001,0.001,TRADING,1,0.1,0.00001
binance:VET/USDT,VET/USDT,VET,USDT,spot,1,1,0.001,0.001,TRADING,1,0.1,0.00001
binance:VIC/USDT,VIC/USDT,VIC,USDT,spot,1,1,0.001,0.001,TRADING,1,0.01,0.0001
binance:VIRTUAL/USDC,VIRTUAL/USDC,VIRTUAL,USDC,spot,1,1,0.001,0.001,TRADING,1,0.1,0.0001
binance:VIRTUAL/USDT,VIRTUAL/USDT,VIRTUAL,USDT,spot,1,1,0.001,0.001,TRADING,1,0.1,0.0001
binance:VOXEL/USDT,VOXEL/USDT,VOXEL,USDT,spot,1,1,0.001,0.001,TRADING,1,0.1,0.0001
binance:VTHO/USDT,VTHO/USDT,VTHO,USDT,spot,1,1,0.001,0.001,TRADING,1,1,0.000001
binance:W/BTC,W/BTC,W,BTC,spot,1,1,0.001,0.001,TRADING,1,0.1,0.00000001
binance:W/FDUSD,W/FDUSD,W,FDUSD,spot,1,1,0.001,0.001,TRADING,1,0.1,0.0001
binance:W/USDC,W/USDC,W,USDC,spot,1,1,0.001,0.001,TRADING,1,0.1,0.0001
binance:W/USDT,W/USDT,W,USDT,spot,1,1,0.001,0.001,TRADING,1,0.1,0.0001
binance:WAN/BTC,WAN/BTC,WAN,BTC,spot,1,1,0.001,0.001,TRADING,1,1,0.00000001
binance:WAN/USDT,WAN/USDT,WAN,USDT,spot,1,1,0.001,0.001,TRADING,1,1,0.0001
binance:WAXP/BTC,WAXP/BTC,WAXP,BTC,spot,1,1,0.001,0.001,TRADING,1,1,0.00000001
binance:WAXP/USDT,WAXP/USDT,WAXP,USDT,spot,1,1,0.001,0.001,TRADING,1,1,0.00001
binance:WBETH/ETH,WBETH/ETH,WBETH,ETH,spot,1,1,0.001,0.001,TRADING,1,0.0001,0.0001
binance:WBETH/USDT,WBETH/USDT,WBETH,USDT,spot,1,1,0.001,0.001,TRADING,1,0.0001,0.01
binance:WBTC/BTC,WBTC/BTC,WBTC,BTC,spot,1,1,0.001,0.001,TRADING,1,0.00001,0.0001
binance:WBTC/ETH,WBTC/ETH,WBTC,ETH,spot,1,1,0.001,0.001,TRADING,1,0.00001,0.01
binance:WBTC/USDT,WBTC/USDT,WBTC,USDT,spot,1,1,0.001,0.001,TRADING,1,0.00001,0.01
binance:WCT/BNB,WCT/BNB,WCT,BNB,spot,1,1,0.001,0.001,TRADING,1,0.1,0.0000001
binance:WCT/FDUSD,WCT/FDUSD,WCT,FDUSD,spot,1,1,0.001,0.001,TRADING,1,0.1,0.0001
binance:WCT/USDC,WCT/USDC,WCT,USDC,spot,1,1,0.001,0.001,TRADING,1,0.1,0.0001
binance:WCT/USDT,WCT/USDT,WCT,USDT,spot,1,1,0.001,0.001,TRADING,1,0.1,0.0001
binance:WIF/BTC,WIF/BTC,WIF,BTC,spot,1,1,0.001,0.001,TRADING,1,0.01,0.00000001
binance:WIF/FDUSD,WIF/FDUSD,WIF,FDUSD,spot,1,1,0.001,0.001,TRADING,1,0.01,0.001
binance:WIF/USDC,WIF/USDC,WIF,USDC,spot,1,1,0.001,0.001,TRADING,1,0.01,0.001
binance:WIF/USDT,WIF/USDT,WIF,USDT,spot,1,1,0.001,0.001,TRADING,1,0.01,0.001
binance:WIN/TRX,WIN/TRX,WIN,TRX,spot,1,1,0.001,0.001,TRADING,1,0.1,0.0000001
binance:WIN/USDT,WIN/USDT,WIN,USDT,spot,1,1,0.001,0.001,TRADING,1,1,0.00000001
binance:WLD/BTC,WLD/BTC,WLD,BTC,spot,1,1,0.001,0.001,TRADING,1,0.1,0.00000001
binance:WLD/FDUSD,WLD/FDUSD,WLD,FDUSD,spot,1,1,0.001,0.001,TRADING,1,0.1,0.001
binance:WLD/USDC,WLD/USDC,WLD,USDC,spot,1,1,0.001,0.001,TRADING,1,0.1,0.001
binance:WLD/USDT,WLD/USDT,WLD,USDT,spot,1,1,0.001,0.001,TRADING,1,0.1,0.001
binance:WOO/USDT,WOO/USDT,WOO,USDT,spot,1,1,0.001,0.001,TRADING,1,0.1,0.0001
binance:XAI/USDC,XAI/USDC,XAI,USDC,spot,1,1,0.001,0.001,TRADING,1,0.1,0.0001
binance:XAI/USDT,XAI/USDT,XAI,USDT,spot,1,1,0.001,0.001,TRADING,1,0.1,0.0001
binance:XEC/USDT,XEC/USDT,XEC,USDT,spot,1,1,0.001,0.001,TRADING,1,1,0.00000001
binance:XLM/BTC,XLM/BTC,XLM,BTC,spot,1,1,0.001,0.001,TRADING,1,1,0.00000001
binance:XLM/ETH,XLM/ETH,XLM,ETH,spot,1,1,0.001,0.001,TRADING,1,1,0.00000001
binance:XLM/FDUSD,XLM/FDUSD,XLM,FDUSD,spot,1,1,0.001,0.001,TRADING,1,1,0.0001
binance:XLM/USDC,XLM/USDC,XLM,USDC,spot,1,1,0.001,0.001,TRADING,1,1,0.0001
binance:XLM/USDT,XLM/USDT,XLM,USDT,spot,1,1,0.001,0.001,TRADING,1,1,0.0001
binance:XNO/BTC,XNO/BTC,XNO,BTC,spot,1,1,0.001,0.001,TRADING,1,0.01,0.00000001
binance:XNO/USDT,XNO/USDT,XNO,USDT,spot,1,1,0.001,0.001,TRADING,1,0.01,0.001
binance:XRP/BNB,XRP/BNB,XRP,BNB,spot,1,1,0.001,0.001,TRADING,1,0.1,0.0000001
binance:XRP/BTC,XRP/BTC,XRP,BTC,spot,1,1,0.001,0.001,TRADING,1,0.1,0.00000001
binance:XRP/ETH,XRP/ETH,XRP,ETH,spot,1,1,0.001,0.001,TRADING,1,0.1,0.0000001
binance:XRP/FDUSD,XRP/FDUSD,XRP,FDUSD,spot,1,1,0.001,0.001,TRADING,1,0.1,0.0001
binance:XRP/TUSD,XRP/TUSD,XRP,TUSD,spot,1,1,0.001,0.001,TRADING,1,0.1,0.0001
binance:XRP/USDC,XRP/USDC,XRP,USDC,spot,1,1,0.001,0.001,TRADING,1,0.1,0.0001
binance:XRP/USDT,XRP/USDT,XRP,USDT,spot,1,1,0.001,0.001,TRADING,1,0.1,0.0001
binance:XTZ/BTC,XTZ/BTC,XTZ,BTC,spot,1,1,0.001,0.001,TRADING,1,0.1,0.00000001
binance:XTZ/USDC,XTZ/USDC,XTZ,USDC,spot,1,1,0.001,0.001,TRADING,1,0.1,0.0001
binance:XTZ/USDT,XTZ/USDT,XTZ,USDT,spot,1,1,0.001,0.001,TRADING,1,0.1,0.0001
binance:XUSD/USDT,XUSD/USDT,XUSD,USDT,spot,1,1,0.001,0.001,TRADING,1,1,0.0001
binance:XVG/ETH,XVG/ETH,XVG,ETH,spot,1,1,0.001,0.001,TRADING,1,1,0.00000001
binance:XVG/USDT,XVG/USDT,XVG,USDT,spot,1,1,0.001,0.001,TRADING,1,1,0.000001
binance:XVS/BNB,XVS/BNB,XVS,BNB,spot,1,1,0.001,0.001,TRADING,1,0.01,0.00001
binance:XVS/BTC,XVS/BTC,XVS,BTC,spot,1,1,0.001,0.001,TRADING,1,0.01,0.0000001
binance:XVS/USDT,XVS/USDT,XVS,USDT,spot,1,1,0.001,0.001,TRADING,1,0.01,0.01
binance:YFI/BTC,YFI/BTC,YFI,BTC,spot,1,1,0.001,0.001,TRADING,1,0.00001,0.00001
binance:YFI/USDT,YFI/USDT,YFI,USDT,spot,1,1,0.001,0.001,TRADING,1,0.00001,1
binance:YGG/BTC,YGG/BTC,YGG,BTC,spot,1,1,0.001,0.001,TRADING,1,0.1,0.00000001
binance:YGG/USDC,YGG/USDC,YGG,USDC,spot,1,1,0.001,0.001,TRADING,1,0.1,0.0001
binance:YGG/USDT,YGG/USDT,YGG,USDT,spot,1,1,0.001,0.001,TRADING,1,0.1,0.0001
binance:ZEC/BTC,ZEC/BTC,ZEC,BTC,spot,1,1,0.001,0.001,TRADING,1,0.001,0.0000001
binance:ZEC/ETH,ZEC/ETH,ZEC,ETH,spot,1,1,0.001,0.001,TRADING,1,0.001,0.00001
binance:ZEC/USDT,ZEC/USDT,ZEC,USDT,spot,1,1,0.001,0.001,TRADING,1,0.001,0.01
binance:ZEN/BTC,ZEN/BTC,ZEN,BTC,spot,1,1,0.001,0.001,TRADING,1,0.01,0.0000001
binance:ZEN/USDC,ZEN/USDC,ZEN,USDC,spot,1,1,0.001,0.001,TRADING,1,0.01,0.01
binance:ZEN/USDT,ZEN/USDT,ZEN,USDT,spot,1,1,0.001,0.001,TRADING,1,0.01,0.01
binance:ZIL/ETH,ZIL/ETH,ZIL,ETH,spot,1,1,0.001,0.001,TRADING,1,1,0.00000001
binance:ZIL/USDT,ZIL/USDT,ZIL,USDT,spot,1,1,0.001,0.001,TRADING,1,0.1,0.00001
binance:ZK/BTC,ZK/BTC,ZK,BTC,spot,1,1,0.001,0.001,TRADING,1,0.1,0.00000001
binance:ZK/FDUSD,ZK/FDUSD,ZK,FDUSD,spot,1,1,0.001,0.001,TRADING,1,0.1,0.00001
binance:ZK/USDC,ZK/USDC,ZK,USDC,spot,1,1,0.001,0.001,TRADING,1,0.1,0.00001
binance:ZK/USDT,ZK/USDT,ZK,USDT,spot,1,1,0.001,0.001,TRADING,1,0.1,0.00001
binance:ZRO/BTC,ZRO/BTC,ZRO,BTC,spot,1,1,0.001,0.001,TRADING,1,0.01,0.00000001
binance:ZRO/FDUSD,ZRO/FDUSD,ZRO,FDUSD,spot,1,1,0.001,0.001,TRADING,1,0.01,0.001
binance:ZRO/USDC,ZRO/USDC,ZRO,USDC,spot,1,1,0.001,0.001,TRADING,1,0.01,0.001
binance:ZRO/USDT,ZRO/USDT,ZRO,USDT,spot,1,1,0.001,0.001,TRADING,1,0.01,0.001
binance:ZRX/BTC,ZRX/BTC,ZRX,BTC,spot,1,1,0.001,0.001,TRADING,1,1,0.00000001
binance:ZRX/USDT,ZRX/USDT,ZRX,USDT,spot,1,1,0.001,0.001,TRADING,1,1,0.0001
